,Catalyst name,Active component,Mass fraction of active component,Promoter ,Mass fraction of promoter,Type of support,Preparation method,Calcination temperature,Rate of temperature,Calcination time,Feed rate,Specific surface area,Reaction temperature,Reaction pressure,Gas hour space velocity,Methane to oxygen ration,Reduction temperature,Reduction time,CH4 conversion,C2H4 selectivity,C2H4 yield
No.,,A,WA,P,WP,S,PM,TC,RT,tc,F,Area,TR,PR,GHSV,C/O,TD,td,XCH4,SC2H4,YC2H4
1,Mn-Na2WO4/SiO2,Mn,2,Na2WO4,5,SiO2,wet impregnation,850,5,8,45,2.2,825,1,25000,1,120,10,56.9,38.1,18.4
2,Mn-Na2WO4/SiO2,Mn,2,Na2WO4,5,SiO2,wet impregnation,850,5,8,45,2.2,850,1,25000,1,120,10,59.2,35.7,17.8
3,Mn-Na2WO4/SiO2,Mn,2,Na2WO4,5,SiO2,wet impregnation,850,5,8,45,2.2,875,1,25000,1,120,10,60.7,18.6,8.5
4,Mn-Na2WO4/SiO2,Mn,2,Na2WO4,5,SiO2,wet impregnation,850,5,8,45,2.2,825,1,25000,2,120,10,44.5,42.4,17.3
5,Mn-Na2WO4/SiO2,Mn,2,Na2WO4,5,SiO2,wet impregnation,850,5,8,45,2.2,850,1,25000,2,120,10,50.7,35,16
6,Mn-Na2WO4/SiO2,Mn,2,Na2WO4,5,SiO2,wet impregnation,850,5,8,45,2.2,875,1,25000,2,120,10,55.9,22.6,12.6
7,Mn-Na2WO4/SiO2,Mn,2,Na2WO4,5,SiO2,wet impregnation,850,5,8,45,2.2,825,1,25000,3,120,10,36.5,71.1,22
8,Mn-Na2WO4/SiO2,Mn,2,Na2WO4,5,SiO2,wet impregnation,850,5,8,45,2.2,850,1,25000,3,120,10,41.8,43.6,14.6
9,Mn-Na2WO4/SiO2,Mn,2,Na2WO4,5,SiO2,wet impregnation,850,5,8,45,2.2,875,1,25000,3,120,10,44.8,31.1,11.3
10,Mn-Na2WO4/SiO2,Mn,2,Na2WO4,5,SiO2,wet impregnation,850,5,8,91,2.2,825,1,50000,1,120,10,40.5,43.6,13.1
11,Mn-Na2WO4/SiO2,Mn,2,Na2WO4,5,SiO2,wet impregnation,850,5,8,91,2.2,850,1,50000,1,120,10,47.9,35.9,12.6
12,Mn-Na2WO4/SiO2,Mn,2,Na2WO4,5,SiO2,wet impregnation,850,5,8,91,2.2,875,1,50000,1,120,10,52.7,30.4,11.9
13,Mn-Na2WO4/SiO2,Mn,2,Na2WO4,5,SiO2,wet impregnation,850,5,8,91,2.2,825,1,50000,1,120,10,32.5,72.17,17.7
14,Mn-Na2WO4/SiO2,Mn,2,Na2WO4,5,SiO2,wet impregnation,850,5,8,91,2.2,850,1,50000,1,120,10,37.8,44.6,12.1
15,Mn-Na2WO4/SiO2,Mn,2,Na2WO4,5,SiO2,wet impregnation,850,5,8,91,2.2,875,1,50000,1,120,10,50.4,42.6,16.1
16,Mn-Na2WO4/SiO2,Mn,2,Na2WO4,5,SiO2,wet impregnation,850,5,8,91,2.2,825,1,50000,1,120,10,20.2,80.4,11.5
17,Mn-Na2WO4/SiO2,Mn,2,Na2WO4,5,SiO2,wet impregnation,850,5,8,91,2.2,850,1,50000,1,120,10,29.3,77.1,16.8
18,Mn-Na2WO4/SiO2,Mn,2,Na2WO4,5,SiO2,wet impregnation,850,5,8,91,2.2,875,1,50000,1,120,10,30.2,70.1,14.3
19,Li/CeO2,Li,3,None,0,CeO2,microwave assisted sol-gel,850,20,5,50,0.6,600,1,10000,4,120,8,1.94,76.1,1.38
20,Li/Mg-Ce,Li,3,None,0,MgO-CeO2,microwave assisted sol-gel,850,20,5,50,0.2,600,1,10000,4,120,8,4.02,70.4,3.5
21,Li/La-Mg-Ce,Li,3,None,0,La2O3-MgO-CeO2,microwave assisted sol-gel,850,20,5,50,1,600,1,10000,4,120,8,5.11,72,2.84
22,Li/CeO2,Li,3,None,0,CeO2,microwave assisted sol-gel,850,20,5,50,0.6,650,1,10000,4,120,8,3.43,79.1,2.16
23,Li/Mg-Ce,Li,3,None,0,MgO-CeO2,microwave assisted sol-gel,850,20,5,50,0.2,650,1,10000,4,120,8,5.24,72.5,4.3
24,Li/La-Mg-Ce,Li,3,None,0,La2O3-MgO-CeO2,microwave assisted sol-gel,850,20,5,50,1,650,1,10000,4,120,8,6.39,74.3,3.74
25,Li/CeO2,Li,3,None,0,CeO2,microwave assisted sol-gel,850,20,5,50,0.6,700,1,10000,4,120,8,5.22,85.7,3.5
26,Li/Mg-Ce,Li,3,None,0,MgO-CeO2,microwave assisted sol-gel,850,20,5,50,0.2,700,1,10000,4,120,8,6.21,87.2,5.7
27,Li/La-Mg-Ce,Li,3,None,0,La2O3-MgO-CeO2,microwave assisted sol-gel,850,20,5,50,1,700,1,10000,4,120,8,7.3,80.7,4.47
28,Li/CeO2,Li,3,None,0,CeO2,microwave assisted sol-gel,850,20,5,50,0.6,750,1,10000,4,120,8,6.24,87.8,4.49
29,Li/Mg-Ce,Li,3,None,0,MgO-CeO2,microwave assisted sol-gel,850,20,5,50,0.2,750,1,10000,4,120,8,7.48,80,6.17
30,Li/La-Mg-Ce,Li,3,None,0,La2O3-MgO-CeO2,microwave assisted sol-gel,850,20,5,50,1,750,1,10000,4,120,8,8.21,80,5.46
31,Li/CeO2,Li,3,None,0,CeO2,microwave assisted sol-gel,850,20,5,50,0.6,800,1,10000,4,120,8,7.68,81,6.29
32,Li/Mg-Ce,Li,3,None,0,MgO-CeO2,microwave assisted sol-gel,850,20,5,50,0.2,800,1,10000,4,120,8,9.46,78.7,7.11
33,Li/La-Mg-Ce,Li,3,None,0,La2O3-MgO-CeO2,microwave assisted sol-gel,850,20,5,50,1,800,1,10000,4,120,8,10.9,86.9,7.6
34,Li/CeO2,Li,3,None,0,CeO2,microwave assisted sol-gel,850,20,5,50,0.6,850,1,10000,4,120,8,12.2,73,7.62
35,Li/Mg-Ce,Li,3,None,0,MgO-CeO2,microwave assisted sol-gel,850,20,5,50,0.2,850,1,10000,4,120,8,14.1,70.6,9.44
36,Li/La-Mg-Ce,Li,3,None,0,La2O3-MgO-CeO2,microwave assisted sol-gel,850,20,5,50,1,850,1,10000,4,120,8,15,82.7,10.1
37,Li/CeO2,Li,3,None,0,CeO2,microwave assisted sol-gel,850,20,5,50,0.6,600,1,10000,3,120,8,3.06,74.5,2.3
38,Li/Mg-Ce,Li,3,None,0,MgO-CeO2,microwave assisted sol-gel,850,20,5,50,0.2,600,1,10000,3,120,8,6.42,73.3,4.66
39,Li/La-Mg-Ce,Li,3,None,0,La2O3-MgO-CeO2,microwave assisted sol-gel,850,20,5,50,1,600,1,10000,3,120,8,5.66,71.8,4.03
40,Li/CeO2,Li,3,None,0,CeO2,microwave assisted sol-gel,850,20,5,50,0.6,650,1,10000,3,120,8,3.25,78.7,2.98
41,Li/Mg-Ce,Li,3,None,0,MgO-CeO2,microwave assisted sol-gel,850,20,5,50,0.2,650,1,10000,3,120,8,6.33,77.6,4.89
42,Li/La-Mg-Ce,Li,3,None,0,La2O3-MgO-CeO2,microwave assisted sol-gel,850,20,5,50,1,650,1,10000,3,120,8,5.76,74.4,4.29
43,Li/CeO2,Li,3,None,0,CeO2,microwave assisted sol-gel,850,20,5,50,0.6,700,1,10000,3,120,8,3.19,79.8,2.72
44,Li/Mg-Ce,Li,3,None,0,MgO-CeO2,microwave assisted sol-gel,850,20,5,50,0.2,700,1,10000,3,120,8,6.5,86.2,5.6
45,Li/La-Mg-Ce,Li,3,None,0,La2O3-MgO-CeO2,microwave assisted sol-gel,850,20,5,50,1,700,1,10000,3,120,8,5.54,81.2,4.48
46,Li/CeO2,Li,3,None,0,CeO2,microwave assisted sol-gel,850,20,5,50,0.6,750,1,10000,3,120,8,2.1,75.9,1.52
47,Li/Mg-Ce,Li,3,None,0,MgO-CeO2,microwave assisted sol-gel,850,20,5,50,0.2,750,1,10000,3,120,8,7.05,78.4,5.49
48,Li/La-Mg-Ce,Li,3,None,0,La2O3-MgO-CeO2,microwave assisted sol-gel,850,20,5,50,1,750,1,10000,3,120,8,8.88,85.6,7.51
49,Li/CeO2,Li,3,None,0,CeO2,microwave assisted sol-gel,850,20,5,50,0.6,800,1,10000,3,120,8,3.47,67.9,2.3
50,Li/Mg-Ce,Li,3,None,0,MgO-CeO2,microwave assisted sol-gel,850,20,5,50,0.2,800,1,10000,3,120,8,8.84,56.7,5.04
51,Li/La-Mg-Ce,Li,3,None,0,La2O3-MgO-CeO2,microwave assisted sol-gel,850,20,5,50,1,800,1,10000,3,120,8,12.2,84.3,10.3
52,Li/CeO2,Li,3,None,0,CeO2,microwave assisted sol-gel,850,20,5,50,0.6,850,1,10000,3,120,8,5.85,59.7,3.5
53,Li/Mg-Ce,Li,3,None,0,MgO-CeO2,microwave assisted sol-gel,850,20,5,50,0.2,850,1,10000,3,120,8,14.9,55.3,8.26
54,Li/La-Mg-Ce,Li,3,None,0,La2O3-MgO-CeO2,microwave assisted sol-gel,850,20,5,50,1,850,1,10000,3,120,8,16.4,65.9,10.8
55,Li/La-Mg-Ce,Li,3,None,0,La2O3-MgO-CeO2,microwave assisted sol-gel,850,20,5,50,1,800,1,4000,2.5,120,8,18,59.6,12.2
56,Cs/Sr/MgO,Cs,4.8,Sr,1.36,MgO ,wet impregnation,600,5,4,60,9.9,650,1,3600,3,65,12,19.5,23.9,4.37
57,Cs/Sr/MgO,Cs,4.8,Sr,1.36,MgO ,wet impregnation,600,5,4,60,9.9,680,1,3600,3,65,12,26.6,42.1,11.5
58,Cs/Sr/MgO,Cs,4.8,Sr,1.36,MgO ,wet impregnation,600,5,4,60,9.9,710,1,3600,3,65,12,29.7,52.4,15.7
59,Cs/Sr/MgO,Cs,4.8,Sr,1.36,MgO ,wet impregnation,600,5,4,60,9.9,740,1,3600,3,65,12,31.6,57.7,18.4
60,Cs/Sr/MgO,Cs,4.8,Sr,1.36,MgO ,wet impregnation,600,5,4,60,9.9,750,1,3600,3,65,12,31.9,58.8,18.9
61,Cs/Sr/MgO,Cs,4.8,Sr,1.36,MgO ,wet impregnation,600,5,4,60,9.9,770,1,3600,3,65,12,32.6,58.9,19.3
62,Cs/Ba/MgO,Cs,4.8,Ba,1.46,MgO ,wet impregnation,600,5,4,60,24,650,1,3600,3,65,12,12.2,0,0
63,Cs/Ba/MgO,Cs,4.8,Ba,1.46,MgO ,wet impregnation,600,5,4,60,24,680,1,3600,3,65,12,19.4,26.7,4.9
64,Cs/Ba/MgO,Cs,4.8,Ba,1.46,MgO ,wet impregnation,600,5,4,60,24,710,1,3600,3,65,12,25.4,42.3,10.6
65,Cs/Ba/MgO,Cs,4.8,Ba,1.46,MgO ,wet impregnation,600,5,4,60,24,740,1,3600,3,65,12,28.5,50.7,14.3
66,Cs/Ba/MgO,Cs,4.8,Ba,1.46,MgO ,wet impregnation,600,5,4,60,24,750,1,3600,3,65,12,29.6,52.6,15.1
67,Cs/Ba/MgO,Cs,4.8,Ba,1.46,MgO ,wet impregnation,600,5,4,60,24,770,1,3600,3,65,12,31.6,55.9,17.4
68,Cs/Sr/La2O3,Cs,4.7,Sr,0.59,La2O3,co-precipitation,900,5,12,60,2.3,550,1,3600,3,120,12,16.7,7.55,1.35
69,Cs/Sr/La2O3,Cs,4.7,Sr,0.59,La2O3,co-precipitation,900,5,12,60,2.3,580,1,3600,3,120,12,21.7,21.7,4.85
70,Cs/Sr/La2O3,Cs,4.7,Sr,0.59,La2O3,co-precipitation,900,5,12,60,2.3,600,1,3600,3,120,12,24.4,33.4,8.41
71,Cs/Sr/La2O3,Cs,4.7,Sr,0.59,La2O3,co-precipitation,900,5,12,60,2.3,610,1,3600,3,120,12,25.3,37.2,9.27
72,Cs/Sr/La2O3,Cs,4.7,Sr,0.59,La2O3,co-precipitation,900,5,12,60,2.3,640,1,3600,3,120,12,26.1,43.4,11.6
73,Cs/Sr/La2O3,Cs,4.7,Sr,0.59,La2O3,co-precipitation,900,5,12,60,2.3,670,1,3600,3,120,12,27.1,47.9,13.1
74,Cs/Sr/La2O3,Cs,4.7,Sr,0.59,La2O3,co-precipitation,900,5,12,60,2.3,700,1,3600,3,120,12,28.2,47.7,13.6
75,Mn-Na2WO4/SiO2,Mn,3.5,Na2WO4,10,SiO2,wet impregnation,800,5,10,60,2.6,650,1,3600,3,80,12,8.39,26.3,2.44
76,Mn-Na2WO4/SiO2,Mn,3.5,Na2WO4,10,SiO2,wet impregnation,800,5,10,60,2.6,680,1,3600,3,80,12,18.1,41,7.46
77,Mn-Na2WO4/SiO2,Mn,3.5,Na2WO4,10,SiO2,wet impregnation,800,5,10,60,2.6,710,1,3600,3,80,12,25.8,48.7,12.7
78,Mn-Na2WO4/SiO2,Mn,3.5,Na2WO4,10,SiO2,wet impregnation,800,5,10,60,2.6,740,1,3600,3,80,12,30.3,58.4,17.8
79,Mn-Na2WO4/SiO2,Mn,3.5,Na2WO4,10,SiO2,wet impregnation,800,5,10,60,2.6,750,1,3600,3,80,12,30.9,59.7,18.5
80,Mn-Na2WO4/SiO2,Mn,3.5,Na2WO4,10,SiO2,wet impregnation,800,5,10,60,2.6,770,1,3600,3,80,12,29.9,57.4,17.3
81,Cs/Sr/La2O3 ,Cs,4.7,Sr,0.59,La2O3,co-precipitation,900,5,12,240,2.3,400,1,14400,3,80,12,25.2,39.2,10
82,Cs/Sr/La2O3 ,Cs,4.7,Sr,0.59,La2O3,co-precipitation,900,5,12,240,2.3,450,1,14400,3,80,12,28.2,42.5,12.3
83,Cs/Sr/La2O3 ,Cs,4.7,Sr,0.59,La2O3,co-precipitation,900,5,12,240,2.3,500,1,14400,3,80,12,29.2,43.7,13.9
84,Cs/Sr/La2O3 ,Cs,4.7,Sr,0.59,La2O3,co-precipitation,900,5,12,240,2.3,550,1,14400,3,80,12,29.4,46.7,13.7
85,Cs/Sr/La2O3 ,Cs,4.7,Sr,0.59,La2O3,co-precipitation,900,5,12,240,2.3,515,1,14400,3,80,12,12.7,30,12.7
86,Mn-Na2WO4/SiO2,Mn,3.5,Na2WO4,10,SiO2,wet impregnation,800,5,10,240,2.6,680,1,14400,3,80,12,35.3,61.3,20
87,Mn-Na2WO4/SiO2,Mn,3.5,Na2WO4,10,SiO2,wet impregnation,800,5,10,240,2.6,700,1,14400,3,80,12,35.7,60.7,21.6
88,Mn-Na2WO4/SiO2,Mn,3.5,Na2WO4,10,SiO2,wet impregnation,800,5,10,240,2.6,720,1,14400,3,80,12,34.9,58.5,20.4
89,Mn-Na2WO4/SiO2,Mn,3.5,Na2WO4,10,SiO2,wet impregnation,800,10,5,100,2.6,740,1,20000,3,105,16,23.3,52.4,12.2
90,Mn-Na2WO4/SiO2,Mn,3.5,Na2WO4,10,SiO2,wet impregnation,800,10,5,100,2.6,750,1,20000,3,105,16,25.3,52.6,13.2
91,Mn-Na2WO4/SiO2,Mn,3.5,Na2WO4,10,SiO2,wet impregnation,800,10,5,100,2.6,760,1,20000,3,105,16,27.2,52.7,14.3
92,Mn-Na2WO4/SiO2,Mn,3.5,Na2WO4,10,SiO2,wet impregnation,800,10,5,100,2.6,770,1,20000,3,105,16,29.2,52.9,15.3
93,Mn-Na2WO4/SiO2,Mn,3.5,Na2WO4,10,SiO2,wet impregnation,800,10,5,100,2.6,780,1,20000,3,105,16,29.5,51.4,15.1
94,Mn-Na2WO4/SiO2,Mn,3.5,Na2WO4,10,SiO2,wet impregnation,800,10,5,100,2.6,790,1,20000,3,105,16,30,49.8,14.9
95,Mn-Na2WO4/SiO2,Mn,3.5,Na2WO4,10,SiO2,wet impregnation,800,10,5,100,2.6,800,1,20000,3,105,16,30.4,48.4,14.7
96,Li-Mn-WO3/TiO2,Li-Mn,6.8,None,0,WO3-TiO2,impregnating,800,4,3,60,0.8,700,1,10000,2.5,80,6,5.1,52.2,2.76
97,Li-Mn-WO3/TiO2,Li-Mn,6.8,None,0,WO3-TiO2,impregnating,800,4,3,60,0.8,710,1,10000,2.5,80,6,6.97,55.8,4.06
98,Li-Mn-WO3/TiO2,Li-Mn,6.8,None,0,WO3-TiO2,impregnating,800,4,3,60,0.8,720,1,10000,2.5,80,6,8.84,59.6,5.36
99,Li-Mn-WO3/TiO2,Li-Mn,6.8,None,0,WO3-TiO2,impregnating,800,4,3,60,0.8,730,1,10000,2.5,80,6,11.6,61.6,7.24
100,Li-Mn-WO3/TiO2,Li-Mn,6.8,None,0,WO3-TiO2,impregnating,800,4,3,60,0.8,740,1,10000,2.5,80,6,15.3,62,9.51
101,Li-Mn-WO3/TiO2,Li-Mn,6.8,None,0,WO3-TiO2,impregnating,800,4,3,60,0.8,750,1,10000,2.5,80,6,19,62.4,11.9
102,Li-Mn-WO3/TiO2,Li-Mn,6.8,None,0,WO3-TiO2,impregnating,800,4,3,60,0.8,760,1,10000,2.5,80,6,24,60.3,14.3
103,La2O3-Li-Mn/WT,Li-Mn,6.8,La2O3,5,WO3-TiO2,impregnating,850,4,2,60,3.4,700,1,10000,2.5,80,6,14.5,62.5,9.09
104,La2O3-Li-Mn/WT,Li-Mn,6.8,La2O3,5,WO3-TiO2,impregnating,850,4,2,60,3.4,710,1,10000,2.5,80,6,17.8,64,11.5
105,La2O3-Li-Mn/WT,Li-Mn,6.8,La2O3,5,WO3-TiO2,impregnating,850,4,2,60,3.4,720,1,10000,2.5,80,6,21.1,65.4,13.9
106,La2O3-Li-Mn/WT,Li-Mn,6.8,La2O3,5,WO3-TiO2,impregnating,850,4,2,60,3.4,730,1,10000,2.5,80,6,24.2,65.7,15.9
107,La2O3-Li-Mn/WT,Li-Mn,6.8,La2O3,5,WO3-TiO2,impregnating,850,4,2,60,3.4,740,1,10000,2.5,80,6,26.9,64.9,17.6
108,La2O3-Li-Mn/WT,Li-Mn,6.8,La2O3,5,WO3-TiO2,impregnating,850,4,2,60,3.4,750,1,10000,2.5,80,6,30,64.1,19.2
109,La2O3-Li-Mn/WT,Li-Mn,6.8,La2O3,5,WO3-TiO2,impregnating,850,4,2,60,3.4,760,1,10000,2.5,80,6,31.2,61.9,19.3
110,La2O3,None,0,None,0,La2O3,Pechini,650,10,5,66,2.4,800,1,20000,3,80,8,27.5,20.5,5.65
111,La2O3,None,0,None,0,La2O3,Pechini,650,10,5,66,2.4,800,1,25000,3,80,8,26.9,23,5.94
112,La2O3,None,0,None,0,La2O3,Pechini,650,10,5,66,2.4,800,1,30000,3,80,8,21.8,27.2,6.2
113,La2O3,None,0,None,0,La2O3,Pechini,650,10,5,66,2.4,800,1,35000,3,80,8,26.9,23.7,6.37
114,La2O3,None,0,None,0,La2O3,Pechini,650,10,5,66,2.4,800,1,40000,3,80,8,29.4,23.5,6.92
115,La2O3,None,0,None,0,La2O3,Pechini,650,10,5,66,2.4,800,1,45000,3,80,8,29.4,23.5,6.92
116,La2O3,None,0,None,0,La2O3,Pechini,650,10,5,66,2.4,800,1,50000,3,80,8,29.4,23.5,6.92
117,La2O3,None,0,None,0,La2O3,Pechini,650,10,5,66,2.4,500,1,20000,3,80,8,4,0.4,0.01
118,La2O3,None,0,None,0,La2O3,Pechini,650,10,5,66,2.4,550,1,20000,3,80,8,19.9,0.4,0.04
119,La2O3,None,0,None,0,La2O3,Pechini,650,10,5,66,2.4,600,1,20000,3,80,8,25.3,7.09,1.73
120,La2O3,None,0,None,0,La2O3,Pechini,650,10,5,66,2.4,650,1,20000,3,80,8,26.1,13.4,3.54
121,La2O3,None,0,None,0,La2O3,Pechini,650,10,5,66,2.4,700,1,20000,3,80,8,25.9,19.8,5.14
122,La2O3,None,0,None,0,La2O3,Pechini,650,10,5,66,2.4,750,1,20000,3,80,8,28,34.2,9.69
123,La2O3,None,0,None,0,La2O3,Pechini,650,10,5,66,2.4,800,1,20000,3,80,8,29.7,40.3,12.1
124,La2O3,None,0,None,0,La2O3,Pechini,650,10,5,66,2.4,800,1,20000,2,80,8,37.1,18.5,6.81
125,La2O3,None,0,None,0,La2O3,Pechini,650,10,5,66,2.4,800,1,20000,2.5,80,8,32.1,19.3,6.22
126,La2O3,None,0,None,0,La2O3,Pechini,650,10,5,66,2.4,800,1,20000,3,80,8,27.5,20.6,5.66
127,La2O3,None,0,None,0,La2O3,Pechini,650,10,5,66,2.4,800,1,20000,3.5,80,8,25,21.8,5.37
128,La2O3,None,0,None,0,La2O3,Pechini,650,10,5,66,2.4,800,1,20000,4,80,8,22.4,23.1,5.13
129,La2O3,None,0,None,0,La2O3,Pechini,650,10,5,66,2.4,800,1,20000,4.5,80,8,20.9,23.8,4.92
130,La2O3,None,0,None,0,La2O3,Pechini,650,10,5,66,2.4,800,1,20000,5,80,8,19.3,24.7,4.75
131,La2O3,None,0,None,0,La2O3,Pechini,650,10,5,66,2.4,700,1,15000,3,80,8,33.9,29.3,3.41
132,La2O3,None,0,None,0,La2O3,Pechini,650,10,5,66,2.4,700,1,20000,3,80,8,34.1,32.7,6.2
133,La2O3,None,0,None,0,La2O3,Pechini,650,10,5,66,2.4,700,1,25000,3,80,8,34.7,36.1,9.04
134,La2O3,None,0,None,0,La2O3,Pechini,650,10,5,66,2.4,700,1,30000,3,80,8,35.4,39.2,11.4
135,La2O3,None,0,None,0,La2O3,Pechini,650,10,5,66,2.4,700,1,35000,3,80,8,36,41,12.8
136,La2O3,None,0,None,0,La2O3,Pechini,650,10,5,66,2.4,700,1,40000,3,80,8,36,42.3,13.9
137,La2O3,None,0,None,0,La2O3,Pechini,650,10,5,66,2.4,700,1,50000,3,80,8,36,42.6,14.1
138,Ca-SrTiO3,Ca,21.6,None,0,SrTiO3,Pechini,900,5,5,30,2.3,800,1,10000,1.5,250,24,43.1,35.8,14.4
139,Ca-SrTiO3,Ca,21.6,None,0,SrTiO3,Pechini,900,5,5,30,2.3,800,1,10000,2,250,24,38.6,40.5,15.1
140,Ca-SrTiO3,Ca,21.6,None,0,SrTiO3,Pechini,900,5,5,30,2.3,800,1,10000,2.5,250,24,36.4,44.8,15.6
141,Ca-SrTiO3,Ca,21.6,None,0,SrTiO3,Pechini,900,5,5,30,2.3,800,1,10000,3,250,24,33.7,48.5,15.9
142,Ca-SrTiO3,Ca,21.6,None,0,SrTiO3,Pechini,900,5,5,30,2.3,800,1,10000,3.5,250,24,31.4,51.6,15.8
143,Ca-SrTiO3,Ca,21.6,None,0,SrTiO3,Pechini,900,5,5,30,2.3,800,1,10000,4,250,24,29.2,54,15.2
144,Ca-SrTiO3,Ca,21.6,None,0,SrTiO3,Pechini,900,5,5,30,2.3,800,1,10000,4.5,250,24,26.7,55.7,14.5
145,Ca-SrTiO3,Ca,21.6,None,0,SrTiO3,Pechini,900,5,5,30,2.3,800,1,10000,5,250,24,24.4,57.3,13.7
146,Ca-SrTiO3,Ca,21.6,None,0,SrTiO3,Pechini,900,5,5,30,2.3,800,1,10000,5.5,250,24,21.6,58.8,12.9
147,Ca-SrTiO3,Ca,21.6,None,0,SrTiO3,Pechini,900,5,5,30,2.3,800,1,10000,6,250,24,18.5,60.1,11.9
148,Ca-SrTiO3,Ca,21.6,None,0,SrTiO3,Pechini,900,5,5,30,2.3,800,1,10000,6.5,250,24,15.2,61.2,10.6
149,Ca-SrTiO3,Ca,21.6,None,0,SrTiO3,Pechini,900,5,5,30,2.3,800,1,10000,7,250,24,11.6,62.4,8.97
150,Ca-SrTiO3,Ca,21.6,None,0,SrTiO3,Pechini,900,5,5,30,2.3,800,1,10000,7.5,250,24,7.93,63.6,7.06
151,Ca-SrTiO3,Ca,21.6,None,0,SrTiO3,Pechini,900,5,5,30,2.3,800,1,10000,8,250,24,3.9,64.7,4.82
152,Mn-Na2WO4/SiO2,Mn,2,Na2WO4,5,SiO2,mixed slurry,800,10,10,60,2.6,630,2.7,10000,3,80,12,9.47,42.8,0.84
153,Mn-Na2WO4/SiO2,Mn,2,Na2WO4,5,SiO2,mixed slurry,800,10,10,60,2.6,650,2.7,10000,3,80,12,12.5,38.4,1.57
154,Mn-Na2WO4/SiO2,Mn,2,Na2WO4,5,SiO2,mixed slurry,800,10,10,60,2.6,670,2.7,10000,3,80,12,16.1,31.5,2.28
155,Mn-Na2WO4/SiO2,Mn,2,Na2WO4,5,SiO2,mixed slurry,800,10,10,60,2.6,680,2.7,10000,3,80,12,17.4,28.2,2.81
156,Mn-Na2WO4/SiO2,Mn,2,Na2WO4,5,SiO2,mixed slurry,800,10,10,60,2.6,710,2.7,10000,3,80,12,21.8,20.5,4.11
157,Mn-Na2WO4/SiO2,Mn,2,Na2WO4,5,SiO2,mixed slurry,800,10,10,60,2.6,740,2.7,10000,3,80,12,24.5,15.1,5.49
158,Mn-Na2WO4/SiO2,Mn,2,Na2WO4,5,SiO2,mixed slurry,800,10,10,60,2.6,750,2.7,10000,3,80,12,25.5,12.5,6.32
159,Mn-Na2WO4/SiO2,Mn,2,Na2WO4,5,SiO2,mixed slurry,800,10,10,120,2.6,730,2.7,10000,3,80,12,15.8,24.6,3.93
160,Mn-Na2WO4/SiO2,Mn,2,Na2WO4,5,SiO2,mixed slurry,800,10,10,120,2.6,740,2.7,10000,3,80,12,17.8,26.3,4.68
161,Mn-Na2WO4/SiO2,Mn,2,Na2WO4,5,SiO2,mixed slurry,800,10,10,120,2.6,760,2.7,10000,3,80,12,19.8,29.1,5.84
162,Mn-Na2WO4/SiO2,Mn,2,Na2WO4,5,SiO2,mixed slurry,800,10,10,120,2.6,780,2.7,10000,3,80,12,21.3,33.6,7.06
163,Mn-Na2WO4/SiO2,Mn,2,Na2WO4,5,SiO2,mixed slurry,800,10,10,120,2.6,800,2.7,10000,3,80,12,22.7,38.8,8.8
164,Mn-Na2WO4/SiO2,Mn,2,Na2WO4,5,SiO2,mixed slurry,800,10,10,120,2.6,820,2.7,10000,3,80,12,24.8,46.6,11.2
165,Mn-Na2WO4/SiO2,Mn,2,Na2WO4,5,SiO2,mixed slurry,800,10,10,120,2.6,840,2.7,10000,3,80,12,24,46,10.9
166,Mn-Na2WO4/SiO2,Mn,2,Na2WO4,5,SiO2,mixed slurry,800,10,10,120,2.6,850,2.7,10000,3,80,12,24.1,46.6,11.1
167,Mn-Na2WO4/SiO2,Mn,2,Na2WO4,5,SiO2,mixed slurry,800,10,10,243,2.6,720,2.7,10000,3,80,12,10.3,28.9,3.07
168,Mn-Na2WO4/SiO2,Mn,2,Na2WO4,5,SiO2,mixed slurry,800,10,10,243,2.6,740,2.7,10000,3,80,12,12.6,33.7,4.1
169,Mn-Na2WO4/SiO2,Mn,2,Na2WO4,5,SiO2,mixed slurry,800,10,10,243,2.6,760,2.7,10000,3,80,12,15.4,42.7,6.52
170,Mn-Na2WO4/SiO2,Mn,2,Na2WO4,5,SiO2,mixed slurry,800,10,10,243,2.6,780,2.7,10000,3,80,12,18.9,49.7,9.44
171,Mn-Na2WO4/SiO2,Mn,2,Na2WO4,5,SiO2,mixed slurry,800,10,10,243,2.6,800,2.7,10000,3,80,12,22.8,54.8,12.8
172,Mn-Na2WO4/SiO2,Mn,2,Na2WO4,5,SiO2,mixed slurry,800,10,10,243,2.6,820,2.7,10000,3,80,12,27.9,62.6,17.5
173,Mn-Na2WO4/SiO2,Mn,2,Na2WO4,5,SiO2,mixed slurry,800,10,10,243,2.6,840,2.7,10000,3,80,12,30.4,64.2,19.7
174,Mn-Na2WO4/SiO2,Mn,2,Na2WO4,5,SiO2,mixed slurry,800,10,10,243,2.6,850,2.7,10000,3,80,12,29.8,63.6,19
175,Mn-Na2WO4/SiO2,Mn,2,Na2WO4,5,SiO2,mixed slurry,800,10,10,243,2.6,860,2.7,10000,3,80,12,29.3,63.5,18.5
176,Mn-Na2WO4/SiO2,Mn,2,Na2WO4,5,SiO2,mixed slurry,800,10,10,243,2.6,870,2.7,10000,3,80,12,29.4,63.3,18.5
177,Mn-Na2WO4/SiO2,Mn,2,Na2WO4,5,SiO2,mixed slurry,800,10,10,243,2.6,720,2.7,10000,3,80,12,10.6,29.2,3.37
178,Mn-Na2WO4/SiO2,Mn,2,Na2WO4,5,SiO2,mixed slurry,800,10,10,243,2.6,740,2.7,10000,3,80,12,12.7,33.8,4.56
179,Mn-Na2WO4/SiO2,Mn,2,Na2WO4,5,SiO2,mixed slurry,800,10,10,243,2.6,760,2.7,10000,3,80,12,15.3,43.1,6.8
180,Mn-Na2WO4/SiO2,Mn,2,Na2WO4,5,SiO2,mixed slurry,800,10,10,243,2.6,780,2.7,10000,3,80,12,19,49.8,9.78
181,Mn-Na2WO4/SiO2,Mn,2,Na2WO4,5,SiO2,mixed slurry,800,10,10,243,2.6,800,2.7,10000,3,80,12,22.9,54.9,12.8
182,Mn-Na2WO4/SiO2,Mn,2,Na2WO4,5,SiO2,mixed slurry,800,10,10,243,2.6,820,2.7,10000,3,80,12,27.7,62.2,17.8
183,Mn-Na2WO4/SiO2,Mn,2,Na2WO4,5,SiO2,mixed slurry,800,10,10,243,2.6,840,2.7,10000,3,80,12,30.3,63.9,19.9
184,Mn-Na2WO4/SiO2,Mn,2,Na2WO4,5,SiO2,mixed slurry,800,10,10,243,2.6,860,2.7,10000,3,80,12,29,63.1,19
185,LaAlO3,Al,26,None,0,La2O3,sol-gel,950,2,5,20,3.3,500,1,10000,4,200,10,1.83,2.05,0
186,LaAlO3,Al,26,None,0,La2O3,sol-gel,950,2,5,20,3.3,550,1,10000,4,200,10,14.1,7.79,1.11
187,LaAlO3,Al,26,None,0,La2O3,sol-gel,950,2,5,20,3.3,600,1,10000,4,200,10,21.1,22.8,4.78
188,LaAlO3,Al,26,None,0,La2O3,sol-gel,950,2,5,20,3.3,650,1,10000,4,200,10,22.4,34,7.61
189,LaAlO3,Al,26,None,0,La2O3,sol-gel,950,2,5,20,3.3,700,1,10000,4,200,10,22.7,38.7,8.7
190,LaAlO3,Al,26,None,0,La2O3,sol-gel,950,2,5,20,3.3,750,1,10000,4,200,10,24.1,41.7,10
191,LaAlO3,Al,26,None,0,La2O3,sol-gel,950,2,5,20,3.3,800,1,10000,4,200,10,24.5,41.2,10
192,LaFeO3,Al,28,None,0,La2O3,sol-gel,950,2,5,20,3.3,500,1,10000,4,200,10,15.2,0,0.347
193,LaFeO3,Al,28,None,0,La2O3,sol-gel,950,2,5,20,3.3,550,1,10000,4,200,10,15.3,4.26,0.685
194,LaFeO3,Al,28,None,0,La2O3,sol-gel,950,2,5,20,3.3,600,1,10000,4,200,10,16.6,7.57,1.28
195,LaFeO3,Al,28,None,0,La2O3,sol-gel,950,2,5,20,3.3,650,1,10000,4,200,10,17,11.7,2
196,LaFeO3,Al,28,None,0,La2O3,sol-gel,950,2,5,20,3.3,700,1,10000,4,200,10,17.6,15.9,2.8
197,LaFeO3,Al,28,None,0,La2O3,sol-gel,950,2,5,20,3.3,750,1,10000,4,200,10,17.6,18.7,3.28
198,LaFeO3,Al,28,None,0,La2O3,sol-gel,950,2,5,20,3.3,800,1,10000,4,200,10,18.3,17.8,3.26
199,LaNiO3,Al,33,None,0,La2O3,sol-gel,950,2,5,20,3.3,500,1,10000,4,200,10,15.5,0,0.079
200,LaNiO3,Al,33,None,0,La2O3,sol-gel,950,2,5,20,3.3,550,1,10000,4,200,10,15,0,0.061
201,LaNiO3,Al,33,None,0,La2O3,sol-gel,950,2,5,20,3.3,600,1,10000,4,200,10,15.6,0.3,0.063
202,LaNiO3,Al,33,None,0,La2O3,sol-gel,950,2,5,20,3.3,650,1,10000,4,200,10,14.4,0.33,0.0994
203,LaNiO3,Al,33,None,0,La2O3,sol-gel,950,2,5,20,3.3,700,1,10000,4,200,10,14.6,1.91,0.273
204,Mn-W-Ti/SiC,Mn-W-Ti,18.3,None,0,SiC,incipient wetness impregnation,800,2,2,8,14,800,0.1,4000,5,100,10,25.1,69,17.3
205,Mn-W-Ti/SiC,Mn-W-Ti,18.3,None,0,SiC,incipient wetness impregnation,800,2,2,8,14,800,0.1,5000,5,100,10,24.1,67.1,16.2
206,Mn-W-Ti/SiC,Mn-W-Ti,18.3,None,0,SiC,incipient wetness impregnation,800,2,2,8,14,800,0.1,6000,5,100,10,24.5,66.6,16.3
207,Mn-W-Ti/SiC,Mn-W-Ti,18.3,None,0,SiC,incipient wetness impregnation,800,2,2,8,14,800,0.1,7000,5,100,10,24.5,66.2,16.2
208,Mn2O3-Na2WO4/TiO2,Mn2O3,2.2,Na2WO4,5.1,TiO2,dip-coating,800,2,2,35,13.7,800,0.1,4000,5,100,2,24.8,68,16.9
209,Mn2O3-Na2WO4/TiO2,Mn2O3,2.2,Na2WO4,5.1,TiO2,dip-coating,800,2,2,35,13.7,800,0.1,5000,5,100,2,24.5,67.5,16.5
210,Mn2O3-Na2WO4/TiO2,Mn2O3,2.2,Na2WO4,5.1,TiO2,dip-coating,800,2,2,35,13.7,800,0.1,6000,5,100,2,24.6,66.8,16.4
211,Mn2O3-Na2WO4/TiO2,Mn2O3,2.2,Na2WO4,5.1,TiO2,dip-coating,800,2,2,35,13.7,800,0.1,7000,5,100,2,24.3,66.3,16.1
212,Mn-W-Ti/SiC,Mn-W-Ti,18.3,None,0,SiC,incipient wetness impregnation,800,2,2,8,14,800,0.1,4000,3.5,100,10,29.9,59,17.9
213,Mn-W-Ti/SiC,Mn-W-Ti,18.3,None,0,SiC,incipient wetness impregnation,800,2,2,8,14,800,0.1,5000,4,100,10,28.5,62.4,17.9
214,Mn-W-Ti/SiC,Mn-W-Ti,18.3,None,0,SiC,incipient wetness impregnation,800,2,2,8,14,800,0.1,6000,4.5,100,10,27,65.9,17.9
215,Mn-W-Ti/SiC,Mn-W-Ti,18.3,None,0,SiC,incipient wetness impregnation,800,2,2,8,14,800,0.1,7000,5,100,10,25.7,69.5,17.9
216,Mn-W-Ti/SiC,Mn,5.5,None,0,SiC,incipient wetness impregnation,800,2,2,8,14,800,0.1,4000,5.5,100,10,24.1,70.2,17
217,Mn-W-Ti/SiC,Mn,5.5,None,0,SiC,incipient wetness impregnation,800,2,2,8,14,800,0.1,4000,6,100,10,22.7,70.9,16.2
218,Mn-W-Ti/SiC,Mn,5.5,None,0,SiC,incipient wetness impregnation,800,2,2,8,14,800,0.1,4000,6.5,100,10,21.4,71.7,15.5
219,Mn-W-Ti/SiC,Mn,5.5,None,0,SiC,incipient wetness impregnation,800,2,2,8,14,800,0.1,4000,7,100,10,19.3,72.2,13.8
220,Mn-W-Ti/SiC,Mn,5.5,None,0,SiC,incipient wetness impregnation,800,2,2,8,14,800,0.1,4000,7.5,100,10,17.2,72.8,12.5
221,Mn-W-Ti/SiC,Mn,5.5,None,0,SiC,incipient wetness impregnation,800,2,2,8,14,800,0.1,4000,8,100,10,14.8,73.5,11
222,Mn-W-Ti/SiC,Mn,5.5,None,0,SiC,incipient wetness impregnation,800,2,2,8,14,800,0.1,2000,5,100,10,26.9,63.3,17.2
223,Mn-W-Ti/SiC,Mn,5.5,None,0,SiC,incipient wetness impregnation,800,2,2,8,14,800,0.1,2500,5,100,10,26.4,65.4,17.3
224,Mn-W-Ti/SiC,Mn,5.5,None,0,SiC,incipient wetness impregnation,800,2,2,8,14,800,0.1,3000,5,100,10,26,67.5,17.8
225,Mn-W-Ti/SiC,Mn,5.5,None,0,SiC,incipient wetness impregnation,800,2,2,8,14,800,0.1,3500,5,100,10,25.8,68.4,17.7
226,Mn-W-Ti/SiC,Mn,5.5,None,0,SiC,incipient wetness impregnation,800,2,2,8,14,800,0.1,4000,5,100,10,25.6,69.4,17.6
227,Mn-W-Ti/SiC,Mn,5.5,None,0,SiC,incipient wetness impregnation,800,2,2,8,14,800,0.1,4500,5,100,10,24.9,68.1,17.1
228,Mn-W-Ti/SiC,Mn,5.5,None,0,SiC,incipient wetness impregnation,800,2,2,8,14,800,0.1,5000,5,100,10,24.3,67.1,16.1
229,Mn-W-Ti/SiC,Mn,5.5,None,0,SiC,incipient wetness impregnation,800,2,2,8,14,800,0.1,5500,5,100,10,24.4,66.8,16.2
230,Mn-W-Ti/SiC,Mn,5.5,None,0,SiC,incipient wetness impregnation,800,2,2,8,14,800,0.1,6000,5,100,10,24.5,66.4,16.3
231,Mn-W-Ti/SiC,Mn,5.5,None,0,SiC,incipient wetness impregnation,800,2,2,8,14,800,0.1,6500,5,100,10,24.3,65.9,16
232,Mn-W-Ti/SiC,Mn,5.5,None,0,SiC,incipient wetness impregnation,800,2,2,8,14,800,0.1,7000,5,100,10,24.3,65.4,15.9
233,Mn-W-Ti/SiC,Mn,5.5,None,0,SiC,incipient wetness impregnation,800,2,2,8,14,800,0.1,7500,5,100,10,23.5,64.9,15.3
234,Mn-W-Ti/SiC,Mn,5.5,None,0,SiC,incipient wetness impregnation,800,2,2,8,14,800,0.1,8000,5,100,10,22.9,64.2,14.9
235,Mn-W-Ti/SiC,Mn,5.5,None,0,SiC,incipient wetness impregnation,800,2,2,8,14,700,0.1,4000,5,100,10,5.16,35.4,1.91
236,Mn-W-Ti/SiC,Mn,5.5,None,0,SiC,incipient wetness impregnation,800,2,2,8,14,710,0.1,4000,5,100,10,7.1,41.4,2.97
237,Mn-W-Ti/SiC,Mn,5.5,None,0,SiC,incipient wetness impregnation,800,2,2,8,14,720,0.1,4000,5,100,10,9.16,47.9,4.73
238,Mn-W-Ti/SiC,Mn,5.5,None,0,SiC,incipient wetness impregnation,800,2,2,8,14,730,0.1,4000,5,100,10,11.3,50.9,5.96
239,Mn-W-Ti/SiC,Mn,5.5,None,0,SiC,incipient wetness impregnation,800,2,2,8,14,740,0.1,4000,5,100,10,13.4,53.7,7.26
240,Mn-W-Ti/SiC,Mn,5.5,None,0,SiC,incipient wetness impregnation,800,2,2,8,14,750,0.1,4000,5,100,10,15.6,56.7,9.08
241,Mn-W-Ti/SiC,Mn,5.5,None,0,SiC,incipient wetness impregnation,800,2,2,8,14,760,0.1,4000,5,100,10,18.8,60.5,11.4
242,Mn-W-Ti/SiC,Mn,5.5,None,0,SiC,incipient wetness impregnation,800,2,2,8,14,770,0.1,4000,5,100,10,21.8,64.5,14.2
243,Mn-W-Ti/SiC,Mn,5.5,None,0,SiC,incipient wetness impregnation,800,2,2,8,14,780,0.1,4000,5,100,10,24.9,68.5,17.1
244,Mn-W-Ti/SiC,Mn,5.5,None,0,SiC,incipient wetness impregnation,800,2,2,8,14,790,0.1,4000,5,100,10,25.2,69,17.4
245,Mn-W-Ti/SiC,Mn,5.5,None,0,SiC,incipient wetness impregnation,800,2,2,8,14,800,0.1,4000,5,100,10,25.5,69.3,17.7
246,Mn2O3-Na2WO4/TiO2,Mn,2.2,Na2WO4,5.1,TiO2,dip-coating,800,2,2,35,13.7,800,0.1,20000,5,100,2,16.2,74.4,12.4
247,Mn2O3-Na2WO4/TiO2,Mn,2.2,Na2WO4,5.1,TiO2,dip-coating,800,2,2,35,13.7,800,0.1,20000,5,100,2,16.7,73.7,12.4
248,Mn2O3-Na2WO4/TiO2,Mn,2.2,Na2WO4,5.1,TiO2,dip-coating,800,2,2,35,13.7,800,0.1,20000,5,100,2,17.1,73.1,12.7
249,Mn2O3-Na2WO4/TiO2,Mn,2.2,Na2WO4,5.1,TiO2,dip-coating,800,2,2,35,13.7,800,0.1,20000,5,100,2,18,72.3,12.9
250,Mn2O3-Na2WO4/TiO2,Mn,2.2,Na2WO4,5.1,TiO2,dip-coating,800,2,2,35,13.7,800,0.1,20000,5,100,2,18.3,71.8,13.2
251,Mn2O3-Na2WO4/TiO2,Mn,2.2,Na2WO4,5.1,TiO2,dip-coating,800,2,2,35,13.7,800,0.1,20000,5,100,2,17.9,70.4,12.6
252,Mn2O3-Na2WO4/TiO2,Mn,2.2,Na2WO4,5.1,TiO2,dip-coating,800,2,2,35,13.7,800,0.1,20000,5,100,2,17.6,69.3,12.1
253,Mn2O3-Na2WO4/TiO2,Mn,2.2,Na2WO4,5.1,TiO2,dip-coating,800,2,2,35,13.7,800,0.1,20000,5,100,2,17.4,68.3,11.9
254,Mn2O3-Na2WO4/TiO2,Mn,2.2,Na2WO4,5.1,TiO2,dip-coating,800,2,2,35,13.7,800,0.1,20000,5,100,2,17,66.6,11.3
255,Mn2O3-Na2WO4/TiO2,Mn,2.2,Na2WO4,5.1,TiO2,dip-coating,800,2,2,35,13.7,800,0.1,10000,5,100,2,17.8,67.8,12.2
256,Mn2O3-Na2WO4/TiO2,Mn,2.2,Na2WO4,5.1,TiO2,dip-coating,800,2,2,35,13.7,800,0.1,15000,5,100,2,18.1,69.8,12.5
257,Mn2O3-Na2WO4/TiO2,Mn,2.2,Na2WO4,5.1,TiO2,dip-coating,800,2,2,35,13.7,800,0.1,20000,5,100,2,18.2,71.8,13
258,Mn2O3-Na2WO4/TiO2,Mn,2.2,Na2WO4,5.1,TiO2,dip-coating,800,2,2,35,13.7,800,0.1,25000,5,100,2,16.6,70.7,11.6
259,Mn2O3-Na2WO4/TiO2,Mn,2.2,Na2WO4,5.1,TiO2,dip-coating,800,2,2,35,13.7,800,0.1,30000,5,100,2,15.2,69.8,10.6
260,Mn2O3-Na2WO4/TiO2,Mn,2.2,Na2WO4,5.1,TiO2,dip-coating,800,2,2,35,13.7,800,0.1,35000,5,100,2,11.8,67,7.77
261,Mn2O3-Na2WO4/TiO2,Mn,2.2,Na2WO4,5.1,TiO2,dip-coating,800,2,2,35,13.7,800,0.1,40000,5,100,2,8.33,64.5,5.28
262,Mn2O3-Na2WO4/TiO2,Mn,2.2,Na2WO4,5.1,TiO2,dip-coating,800,2,2,35,13.7,800,0.35,20000,4.5,100,2,20.5,66.8,13.8
263,Mn2O3-Na2WO4/TiO2,Mn,2.2,Na2WO4,5.1,TiO2,dip-coating,800,2,2,35,13.7,800,0.35,20000,5,100,2,19.8,68,13.4
264,Mn2O3-Na2WO4/TiO2,Mn,2.2,Na2WO4,5.1,TiO2,dip-coating,800,2,2,35,13.7,800,0.35,20000,5.5,100,2,19.4,69.3,13.3
265,Mn2O3-Na2WO4/TiO2,Mn,2.2,Na2WO4,5.1,TiO2,dip-coating,800,2,2,35,13.7,800,0.35,20000,6,100,2,18.7,70.6,13.1
266,Mn2O3-Na2WO4/TiO2,Mn,2.2,Na2WO4,5.1,TiO2,dip-coating,800,2,2,35,13.7,800,0.35,20000,6.5,100,2,18.1,71.8,13.1
267,Mn2O3-Na2WO4/TiO2,Mn,2.2,Na2WO4,5.1,TiO2,dip-coating,800,2,2,35,13.7,800,0.35,20000,7,100,2,17.4,72.3,12.6
268,Mn2O3-Na2WO4/TiO2,Mn,2.2,Na2WO4,5.1,TiO2,dip-coating,800,2,2,35,13.7,800,0.35,20000,7.5,100,2,16.8,72.9,12.3
269,Mn2O3-Na2WO4/TiO2,Mn,2.2,Na2WO4,5.1,TiO2,dip-coating,800,2,2,35,13.7,800,0.35,20000,8,100,2,16.2,73.4,11.9
270,Mn2O3-Na2WO4/TiO2,Mn,2.2,Na2WO4,5.1,TiO2,dip-coating,800,2,2,35,13.7,800,0.35,20000,8.5,100,2,15.6,73.8,11.4
271,Mn2O3-Na2WO4/TiO2,Mn,2.2,Na2WO4,5.1,TiO2,dip-coating,800,2,2,35,13.7,800,0.35,20000,9,100,2,14.9,74.3,11.2
272,Mn2O3-Na2WO4/TiO2,Mn,2.2,Na2WO4,5.1,TiO2,dip-coating,800,2,2,35,13.7,800,0.35,20000,9.5,100,2,14.4,74.9,10.8
273,La2O3/CeO2,La2O3,0,None,0,CeO2,hydrothermal,850,10,2,120,30,575,0.1,3000,4,100,12,21.3,38.1,8.54
274,La2O3/CeO2,La2O3,0,None,0,CeO2,hydrothermal,850,10,2,120,30,600,0.1,3000,4,100,12,23.4,51.6,12.7
275,La2O3/CeO2,La2O3,0,None,0,CeO2,hydrothermal,850,10,2,120,30,625,0.1,3000,4,100,12,25.7,59.8,15.5
276,La2O3/CeO2,La2O3,0,None,0,CeO2,hydrothermal,850,10,2,120,30,650,0.1,3000,4,100,12,27.4,64.2,18
277,La2O3/CeO2,La2O3,0,None,0,CeO2,hydrothermal,850,10,2,120,30,675,0.1,3000,4,100,12,28.2,67,18.8
278,La2O3/CeO2,La2O3,0,None,0,CeO2,hydrothermal,850,10,2,120,30,700,0.1,3000,4,100,12,28.3,68.5,19
279,La2O3/CeO2,La2O3,0,None,0,CeO2,hydrothermal,850,10,2,120,30,725,0.1,3000,4,100,12,28.4,69.6,19.3
280,La2O3/CeO2,La2O3,0,None,0,CeO2,hydrothermal,850,10,2,120,30,750,0.1,3000,4,100,12,28.6,70.5,19.2
281,La2O3/CeO2,La2O3,0,None,0,CeO2,hydrothermal,850,10,2,120,30,550,0.1,20000,4,100,12,15.5,34.8,5.89
282,La2O3/CeO2,La2O3,0,None,0,CeO2,hydrothermal,850,10,2,120,30,575,0.1,20000,4,100,12,17.7,39.8,8.16
283,La2O3/CeO2,La2O3,0,None,0,CeO2,hydrothermal,850,10,2,120,30,600,0.1,20000,4,100,12,19,44.6,10.7
284,La2O3/CeO2,La2O3,0,None,0,CeO2,hydrothermal,850,10,2,120,30,625,0.1,20000,4,100,12,20,49.4,13.1
285,La2O3/CeO2,La2O3,0,None,0,CeO2,hydrothermal,850,10,2,120,30,650,0.1,20000,4,100,12,20.9,53.4,15.1
286,La2O3/CeO2,La2O3,0,None,0,CeO2,hydrothermal,850,10,2,120,30,675,0.1,20000,4,100,12,21.7,56.6,16.6
287,La2O3/CeO2,La2O3,0,None,0,CeO2,hydrothermal,850,10,2,120,30,700,0.1,20000,4,100,12,22.4,59.2,17.8
288,La2O3/CeO2,La2O3,0,None,0,CeO2,hydrothermal,850,10,2,120,30,725,0.1,20000,4,100,12,22.9,61.1,19.2
289,La2O3/CeO2,La2O3,0,None,0,CeO2,hydrothermal,850,10,2,120,30,750,0.1,20000,4,100,12,23.3,62.4,20.4
290,La2O3/CeO2,La2O3,0,None,0,CeO2,hydrothermal,850,10,2,120,30,750,0.1,5000,4,100,12,10.8,56.2,14.1
291,La2O3/CeO2,La2O3,0,None,0,CeO2,hydrothermal,850,10,2,120,30,750,0.1,10000,4,100,12,10.5,57,13.4
292,La2O3/CeO2,La2O3,0,None,0,CeO2,hydrothermal,850,10,2,120,30,750,0.1,15000,4,100,12,9.75,56.8,12.3
293,La2O3/CeO2,La2O3,0,None,0,CeO2,hydrothermal,850,10,2,120,30,750,0.1,20000,4,100,12,9,57,11.3
294,La2O3/CeO2,La2O3,0,None,0,CeO2,hydrothermal,850,10,2,120,30,750,0.1,25000,4,100,12,8.17,57.4,10.4
295,La2O3/CeO2,La2O3,0,None,0,CeO2,hydrothermal,850,10,2,120,30,750,0.1,30000,4,100,12,7.38,57.2,9.19
296,La2O3/CeO2,La2O3,0,None,0,CeO2,hydrothermal,850,10,2,120,30,750,0.1,35000,4,100,12,6.74,57.6,8.57
297,La2O3/CeO2,La2O3,0,None,0,CeO2,hydrothermal,850,10,2,120,30,750,0.1,40000,4,100,12,6.12,57.8,7.78
298,La2O3/CeO2,La2O3,0,None,0,CeO2,hydrothermal,850,10,2,120,30,750,0.1,40000,4,100,12,22.8,41.8,15.8
299,La2O3/CeO2,La2O3,0,None,0,CeO2,hydrothermal,850,10,2,120,30,750,0.1,40000,4,100,12,19.2,48.3,17.9
300,La2O3/CeO2,La2O3,0,None,0,CeO2,hydrothermal,850,10,2,120,30,750,0.1,40000,4,100,12,16.4,50.2,16.4
301,La2O3/CeO2,La2O3,0,None,0,CeO2,hydrothermal,850,10,2,120,30,750,0.1,40000,4,100,12,14.2,52.2,15.3
302,La2O3/CeO2,La2O3,0,None,0,CeO2,hydrothermal,850,10,2,120,30,750,0.1,40000,4,100,12,12.3,53.6,14.1
303,La2O3/CeO2,La2O3,0,None,0,CeO2,hydrothermal,850,10,2,120,30,750,0.1,40000,4,100,12,10.9,55.3,13.3
304,La2O3/CeO2,La2O3,0,None,0,CeO2,hydrothermal,850,10,2,120,30,750,0.1,40000,4,100,12,9.82,56.4,12.4
305,La2O3/CeO2,La2O3,0,None,0,CeO2,hydrothermal,850,10,2,120,30,750,0.1,40000,4,100,12,8.61,57.9,11.6
306,SrO/La2Zr2O7,SrO,12,None,0,La2Zr2O7,impregnation,800,2,4,60,21,600,1,18000,4,80,12,31.3,51.2,14.4
307,SrO/La2Zr2O7,SrO,12,None,0,La2Zr2O7,impregnation,800,2,4,60,30,600,1,18000,4,80,12,21.5,34,6.89
308,SrO/La2Zr2O7,SrO,12,None,0,La2Zr2O7,impregnation,800,2,4,60,21,600,1,18000,2,80,12,43.1,50.3,22.2
309,SrO/La2Zr2O7,SrO,12,None,0,La2Zr2O7,impregnation,800,2,4,60,21,600,1,18000,3,80,12,38.5,54.6,21.3
310,SrO/La2Zr2O7,SrO,12,None,0,La2Zr2O7,impregnation,800,2,4,60,21,600,1,18000,4,80,12,35.2,57.8,20.4
311,SrO/La2Zr2O7,SrO,12,None,0,La2Zr2O7,impregnation,800,2,4,60,21,600,1,18000,5,80,12,30.6,61.7,18.7
312,SrO/La2Zr2O7,SrO,12,None,0,La2Zr2O7,impregnation,800,2,4,60,21,800,1,14000,5,80,12,35.8,57,20.2
313,SrO/La2Zr2O7,SrO,12,None,0,La2Zr2O7,impregnation,800,2,4,60,21,800,1,18000,5,80,12,35.4,57.6,20.2
314,SrO/La2Zr2O7,SrO,12,None,0,La2Zr2O7,impregnation,800,2,4,60,21,800,1,20000,5,80,12,35.1,58.1,20.1
315,SrO/La2Zr2O7,SrO,12,None,0,La2Zr2O7,impregnation,800,2,4,60,21,800,1,24000,5,80,12,34.5,58.5,19.8
316,SrO/La2Zr2O7,SrO,12,None,0,La2Zr2O7,impregnation,800,2,4,60,21,800,1,30000,5,80,12,33.6,59.4,19.3
317,SrO/La2Zr2O7,SrO,12,None,0,La2Zr2O7,impregnation,800,2,4,60,21,550,1,18000,4,80,12,26.4,42.8,11.4
318,SrO/La2Zr2O7,SrO,12,None,0,La2Zr2O7,impregnation,800,2,4,60,21,575,1,18000,4,80,12,28.7,45.1,13
319,SrO/La2Zr2O7,SrO,12,None,0,La2Zr2O7,impregnation,800,2,4,60,21,600,1,18000,4,80,12,30.5,47.6,14.8
320,SrO/La2Zr2O7,SrO,12,None,0,La2Zr2O7,impregnation,800,2,4,60,21,625,1,18000,4,80,12,30.9,51.2,16
321,SrO/La2Zr2O7,SrO,12,None,0,La2Zr2O7,impregnation,800,2,4,60,21,650,1,18000,4,80,12,31.2,55.4,17.4
322,SrO/La2Zr2O7,SrO,12,None,0,La2Zr2O7,impregnation,800,2,4,60,21,675,1,18000,4,80,12,31.7,56.2,17.9
323,SrO/La2Zr2O7,SrO,12,None,0,La2Zr2O7,impregnation,800,2,4,60,21,700,1,18000,4,80,12,32.3,56.9,18.5
324,SrO/La2Zr2O7,SrO,12,None,0,La2Zr2O7,impregnation,800,2,4,60,21,725,1,18000,4,80,12,33.6,57.1,19.2
325,SrO/La2Zr2O7,SrO,12,None,0,La2Zr2O7,impregnation,800,2,4,60,21,750,1,18000,4,80,12,34.7,57.6,19.9
326,SrO/La2Zr2O7,SrO,12,None,0,La2Zr2O7,impregnation,800,2,4,60,21,775,1,18000,4,80,12,35,57.6,20.3
327,SrO/La2Zr2O7,SrO,12,None,0,La2Zr2O7,impregnation,800,2,4,60,21,800,1,18000,4,80,12,35.1,57.8,20.4
328,La2Ce1.3Ca0.7O7,La,11.2,None,0,La2O3,sol−gel,800,5,4,60,32,600,1,30000,4,120,12,31.8,66.3,20.2
329,La2Ce1.3Ca0.7O7,La,11.2,None,0,La2O3,sol−gel,800,5,4,60,32,550,1,30000,4,120,12,23.8,57.9,19.8
330,La2Ce1.3Ca0.7O7,La,11.2,None,0,La2O3,sol−gel,800,5,4,60,32,575,1,30000,4,120,12,27.2,64.5,20.2
331,La2Ce1.3Ca0.7O7,La,11.2,None,0,La2O3,sol−gel,800,5,4,60,32,600,1,30000,4,120,12,30.9,65.4,20.8
332,La2Ce1.3Ca0.7O7,La,11.2,None,0,La2O3,sol−gel,800,5,4,60,32,625,1,30000,4,120,12,31.9,66.3,21.4
333,La2Ce1.3Ca0.7O7,La,11.2,None,0,La2O3,sol−gel,800,5,4,60,32,650,1,30000,4,120,12,32.8,66.8,22.8
334,La2Ce1.3Ca0.7O7,La,11.2,None,0,La2O3,sol−gel,800,5,4,60,32,675,1,30000,4,120,12,33.7,68.7,23.2
335,La2Ce1.3Ca0.7O7,La,11.2,None,0,La2O3,sol−gel,800,5,4,60,32,700,1,30000,4,120,12,34.6,70.3,24.1
336,La2Ce1.3Ca0.7O7,La,11.2,None,0,La2O3,sol−gel,800,5,4,60,32,725,1,30000,4,120,12,35.4,70.5,25
337,La2Ce1.3Ca0.7O7,La,11.2,None,0,La2O3,sol−gel,800,5,4,60,32,750,1,30000,4,120,12,36.4,70.5,25.7
338,La2Ce1.3Ca0.7O7,La,11.2,None,0,La2O3,sol−gel,800,5,4,60,32,775,1,30000,4,120,12,36.6,71.4,26.2
339,La2Ce1.3Ca0.7O7,La,11.2,None,0,La2O3,sol−gel,800,5,4,60,32,800,1,30000,4,120,12,36.9,72,26.5
340,Mn-Na2WO4/SiO2,Mn,2,Na2WO4,5,SiO2,incipient wetness impregnation,5,5,8,60,28,550,1,30000,4,100,12,0.47,1.32,0.0197
341,Mn-Na2WO4/SiO2,Mn,2,Na2WO4,5,SiO2,incipient wetness impregnation,850,5,8,60,28,575,1,30000,4,100,12,0.554,1.87,0.05
342,Mn-Na2WO4/SiO2,Mn,2,Na2WO4,5,SiO2,incipient wetness impregnation,850,5,8,60,28,600,1,30000,4,100,12,0.655,2.89,0.0324
343,Mn-Na2WO4/SiO2,Mn,2,Na2WO4,5,SiO2,incipient wetness impregnation,850,5,8,60,28,625,1,30000,4,100,12,0.945,11,0.0787
344,Mn-Na2WO4/SiO2,Mn,2,Na2WO4,5,SiO2,incipient wetness impregnation,850,5,8,60,28,650,1,30000,4,100,12,1.15,19.5,0.205
345,Mn-Na2WO4/SiO2,Mn,2,Na2WO4,5,SiO2,incipient wetness impregnation,850,5,8,60,28,675,1,30000,4,100,12,4.34,32.1,1.86
346,Mn-Na2WO4/SiO2,Mn,2,Na2WO4,5,SiO2,incipient wetness impregnation,850,5,8,60,28,700,1,30000,4,100,12,7.75,45.1,3.52
347,Mn-Na2WO4/SiO2,Mn,2,Na2WO4,5,SiO2,incipient wetness impregnation,850,5,8,60,28,725,1,30000,4,100,12,17.4,53.5,10.3
348,Mn-Na2WO4/SiO2,Mn,2,Na2WO4,5,SiO2,incipient wetness impregnation,850,5,8,60,28,750,1,30000,4,100,12,27.9,61.6,17.3
349,Mn-Na2WO4/SiO2,Mn,2,Na2WO4,5,SiO2,incipient wetness impregnation,850,5,8,60,28,775,1,30000,4,100,12,32.1,64.9,21.1
350,Mn-Na2WO4/SiO2,Mn,2,Na2WO4,5,SiO2,incipient wetness impregnation,850,5,8,60,28,800,1,30000,4,100,12,36.5,67.7,23.8
351,La2Ce1.3Ca0.7O7,La,11.2,None,0,Non,sol−gel,850,5,8,60,28,550,1,30000,4,100,12,24.2,58.4,12.9
352,La2Ce1.3Ca0.7O7,La,11.2,None,0,Non,sol−gel,850,5,8,60,28,600,1,30000,4,100,12,31.2,65.8,19.4
353,La2Ce1.3Ca0.7O7,La,11.2,None,0,Non,sol−gel,850,5,8,60,28,650,1,30000,4,100,12,33.2,67.3,21.2
354,La2Ce1.3Ca0.7O7,La,11.2,None,0,Non,sol−gel,850,5,8,60,28,700,1,30000,4,100,12,34.8,70.5,23.3
355,La2Ce1.3Ca0.7O7,La,11.2,None,0,Non,sol−gel,850,5,8,60,28,750,1,30000,4,100,12,36.6,71.1,24.9
356,La2Ce1.3Ca0.7O7,La,11.2,None,0,Non,sol−gel,850,5,8,60,28,800,1,30000,4,100,12,36.8,72.3,25.6
357,La2Ce1.3Ca0.7O7,La,11.2,None,0,Non,sol−gel,850,5,8,60,28,800,1,30000,2,100,12,39.4,57.5,22.8
358,La2Ce1.3Ca0.7O7,La,11.2,None,0,Non,sol−gel,850,5,8,60,28,800,1,30000,3,100,12,35,61.4,21.5
359,La2Ce1.3Ca0.7O7,La,11.2,None,0,Non,sol−gel,850,5,8,60,28,800,1,30000,4,100,12,31,65.3,20.5
360,La2Ce1.3Ca0.7O7,La,11.2,None,0,Non,sol−gel,850,5,8,60,28,800,1,30000,5,100,12,26.9,68.7,18.6
361,La2Ce1.3Ca0.7O7,La,11.2,None,0,Non,sol−gel,850,5,8,60,28,800,1,30000,6,100,12,24.1,72.9,17.5
362,La2Ce1.3Ca0.7O7,La,11.2,None,0,Non,sol−gel,850,5,8,60,28,800,1,14000,6,100,12,31.3,66.2,20.1
363,La2Ce1.3Ca0.7O7,La,11.2,None,0,Non,sol−gel,850,5,8,60,28,800,1,18000,6,100,12,31,66.3,20
364,La2Ce1.3Ca0.7O7,La,11.2,None,0,Non,sol−gel,850,5,8,60,28,800,1,22000,6,100,12,30.9,66.5,20
365,La2Ce1.3Ca0.7O7,La,11.2,None,0,Non,sol−gel,850,5,8,60,28,800,1,26000,6,100,12,29.6,66.8,19.9
366,La2Ce1.3Ca0.7O7,La,11.2,None,0,Non,sol−gel,850,5,8,60,28,800,1,30000,6,100,12,29,67.1,19.8
367,Mn2O3-Na2WO4/TiO2,Mn,5,Na2WO4,10,TiO2,incipient wetness impregnation,800,2,4,120,14.4,800,2,10000,3,100,10,27.8,67.6,18.8
368,Mn2O3-Na2WO4/TiO2,Mn,5,Na2WO4,10,TiO2,incipient wetness impregnation,800,2,4,120,14.4,800,2,15000,3,100,10,33.4,62.8,20.8
369,Mn2O3-Na2WO4/TiO2,Mn,5,Na2WO4,10,TiO2,incipient wetness impregnation,800,2,4,120,14.4,800,2,20000,3,100,10,38.8,58.4,22.9
370,Mn2O3-Na2WO4/TiO2,Mn,5,Na2WO4,10,TiO2,incipient wetness impregnation,800,2,4,120,14.4,800,2,25000,3,100,10,28.9,64.7,18
371,Mn2O3-Na2WO4/TiO2,Mn,5,Na2WO4,10,TiO2,incipient wetness impregnation,800,2,4,120,14.4,800,2,30000,3,100,10,19.1,71.1,13.9
372,Mn2O3-Na2WO4/TiO2,Mn,5,Na2WO4,10,TiO2,incipient wetness impregnation,800,2,4,120,14.4,690,2,30000,3,100,10,2.57,16.4,0.781
373,Mn2O3-Na2WO4/TiO2,Mn,5,Na2WO4,10,TiO2,incipient wetness impregnation,800,2,4,120,14.4,705,2,30000,3,100,10,5.71,27.9,1.94
374,Mn2O3-Na2WO4/TiO2,Mn,5,Na2WO4,10,TiO2,incipient wetness impregnation,800,2,4,120,14.4,720,2,30000,3,100,10,11.3,36.3,5.27
375,Mn2O3-Na2WO4/TiO2,Mn,5,Na2WO4,10,TiO2,incipient wetness impregnation,800,2,4,120,14.4,735,2,30000,3,100,10,16.5,45.1,8.36
376,Mn2O3-Na2WO4/TiO2,Mn,5,Na2WO4,10,TiO2,incipient wetness impregnation,800,2,4,120,14.4,750,2,30000,3,100,10,21.9,53.2,11.3
377,Mn2O3-Na2WO4/TiO2,Mn,5,Na2WO4,10,TiO2,incipient wetness impregnation,800,2,4,120,14.4,765,2,30000,3,100,10,30.7,57.4,17.8
378,Mn2O3-Na2WO4/TiO2,Mn,5,Na2WO4,10,TiO2,incipient wetness impregnation,800,2,4,120,14.4,780,2,30000,3,100,10,35.6,58.5,20.7
379,Mn2O3-Na2WO4/TiO2,Mn,5,Na2WO4,10,TiO2,incipient wetness impregnation,800,2,4,120,14.4,795,2,30000,3,100,10,58.5,38.1,22.4
380,Mn2O3-Na2WO4/TiO2,Mn,5,Na2WO4,10,TiO2,incipient wetness impregnation,800,2,4,120,14.4,810,2,30000,3,100,10,58.2,39,22.8
381,Mn2O3-Na2WO4/TiO2,Mn,5,Na2WO4,10,TiO2,incipient wetness impregnation,800,2,4,120,14.4,825,2,30000,3,100,10,57,39.1,22.3
382,Mn2O3-Na2WO4/TiO2,Mn,5,Na2WO4,10,TiO2,incipient wetness impregnation,800,2,4,120,14.4,840,2,30000,3,100,10,56,38.2,21.4
383,Mn2O3-Na2WO4/TiO2,Mn,5,Na2WO4,10,TiO2,incipient wetness impregnation,800,2,4,120,14.4,800,2,30000,2,100,10,46.2,48.8,22.4
384,Mn2O3-Na2WO4/TiO2,Mn,5,Na2WO4,10,TiO2,incipient wetness impregnation,800,2,4,120,14.4,800,2,30000,2.5,100,10,42.4,53.7,22.5
385,Mn2O3-Na2WO4/TiO2,Mn,5,Na2WO4,10,TiO2,incipient wetness impregnation,800,2,4,120,14.4,800,2,30000,3,100,10,39,58.7,23.2
386,Mn2O3-Na2WO4/TiO2,Mn,5,Na2WO4,10,TiO2,incipient wetness impregnation,800,2,4,120,14.4,800,2,30000,3.5,100,10,32.9,61.8,20.2
387,Mn2O3-Na2WO4/TiO2,Mn,5,Na2WO4,10,TiO2,incipient wetness impregnation,800,2,4,120,14.4,800,2,30000,4,100,10,26.9,65.1,17.4
388,Mn2O3-Na2WO4/TiO2,Mn,5,Na2WO4,10,TiO2,incipient wetness impregnation,800,2,4,120,14.4,800,2,30000,4.5,100,10,23.9,68,16.2
389,Mn2O3-Na2WO4/TiO2,Mn,5,Na2WO4,10,TiO2,incipient wetness impregnation,800,2,4,120,14.4,800,2,30000,5,100,10,20.8,70.8,15.1
390,Mn-Na2WO4/SiO2,Mn,0,Na2WO4,10,SiO2,co-impregnation,800,2,4,35,14.4,700,1,20000,3,120,8,13.4,16.7,10.6
391,Mn-Na2WO4/SiO2,Mn,0.25,Na2WO4,10,SiO2,co-impregnation,800,2,4,35,14.4,700,1,20000,3,120,8,21.9,26.3,11.7
392,Mn-Na2WO4/SiO2,Mn,0.5,Na2WO4,10,SiO2,co-impregnation,800,2,4,35,14.4,700,1,20000,3,120,8,30.6,38.1,12.7
393,Mn-Na2WO4/SiO2,Mn,0.75,Na2WO4,10,SiO2,co-impregnation,800,2,4,35,14.4,700,1,20000,3,120,8,30.6,36.3,12
394,Mn-Na2WO4/SiO2,Mn,1,Na2WO4,10,SiO2,co-impregnation,800,2,4,35,14.4,700,1,20000,3,120,8,30.5,34.7,11.3
395,Mn-Na2WO4/SiO2,Mn,1.25,Na2WO4,10,SiO2,co-impregnation,800,2,4,35,14.4,700,1,20000,3,120,8,30.5,34.3,11.2
396,Mn-Na2WO4/SiO2,Mn,1.5,Na2WO4,10,SiO2,co-impregnation,800,2,4,35,14.4,700,1,20000,3,120,8,30.5,34.1,11.1
397,Mn-Na2WO4/SiO2,Mn,1.75,Na2WO4,10,SiO2,co-impregnation,800,2,4,35,14.4,700,1,20000,3,120,8,29.9,33,11
398,Mn-Na2WO4/SiO2,Mn,2,Na2WO4,10,SiO2,co-impregnation,800,2,4,35,14.4,700,1,20000,3,120,8,29.5,32.1,11
399,Mn-Na2WO4/SiO2,Mn,2.25,Na2WO4,10,SiO2,co-impregnation,800,2,4,35,14.4,700,1,20000,3,120,8,29.4,31.5,10.6
400,Mn-Na2WO4/SiO2,Mn,2.5,Na2WO4,10,SiO2,co-impregnation,800,2,4,35,14.4,700,1,20000,3,120,8,29.6,33.8,10.1
401,Mn-Na2WO4/SiO2,Mn,0.5,Na2WO4,10,SiO2,co-impregnation,800,2,4,35,14.4,700,1,20000,1,120,8,56.7,39.7,22.5
402,Mn-Na2WO4/SiO2,Mn,0.5,Na2WO4,10,SiO2,co-impregnation,800,2,4,35,14.4,700,1,20000,1.25,120,8,45.4,39.9,21.7
403,Mn-Na2WO4/SiO2,Mn,0.5,Na2WO4,10,SiO2,co-impregnation,800,2,4,35,14.4,700,1,20000,1.5,120,8,52.3,40.3,21
404,Mn-Na2WO4/SiO2,Mn,0.5,Na2WO4,10,SiO2,co-impregnation,800,2,4,35,14.4,700,1,20000,1.75,120,8,48.9,43.6,20.8
405,Mn-Na2WO4/SiO2,Mn,0.5,Na2WO4,10,SiO2,co-impregnation,800,2,4,35,14.4,700,1,20000,2,120,8,45.7,46.9,20.5
406,Mn-Na2WO4/SiO2,Mn,0.5,Na2WO4,10,SiO2,co-impregnation,800,2,4,35,14.4,700,1,20000,2.25,120,8,42.3,50.3,20.3
407,Mn-Na2WO4/SiO2,Mn,0.5,Na2WO4,10,SiO2,co-impregnation,800,2,4,35,14.4,700,1,20000,2.5,120,8,39.1,53.7,20.1
408,Mn-Na2WO4/SiO2,Mn,0.5,Na2WO4,10,SiO2,co-impregnation,800,2,4,35,14.4,700,1,20000,2.75,120,8,35.7,57.1,19.8
409,Mn-Na2WO4/SiO2,Mn,0.5,Na2WO4,10,SiO2,co-impregnation,800,2,4,35,14.4,700,1,20000,3,120,8,32.5,60.5,19.6
410,BaTiO3,BaO,10,None,0,TiO2,sol−gel,900,10,6,50,5.1,650,1,9720,3,140,3,22.6,27.9,0.353
411,BaTiO3,BaO,10,None,0,TiO2,sol−gel,900,10,6,50,5.1,660,1,9720,3,140,3,25.9,33.7,0.88
412,BaTiO3,BaO,10,None,0,TiO2,sol−gel,900,10,6,50,5.1,670,1,9720,3,140,3,29.3,39.6,0.271
413,BaTiO3,BaO,10,None,0,TiO2,sol−gel,900,10,6,50,5.1,680,1,9720,3,140,3,30.9,47.4,3.4
414,BaTiO3,BaO,10,None,0,TiO2,sol−gel,900,10,6,50,5.1,690,1,9720,3,140,3,30.4,57,8.68
415,BaTiO3,BaO,10,None,0,TiO2,sol−gel,900,10,6,50,5.1,700,1,9720,3,140,3,29.8,66.4,14.3
416,BaTiO3,BaO,10,None,0,TiO2,sol−gel,900,10,6,50,5.1,710,1,9720,3,140,3,29.9,66.1,14.4
417,BaTiO3,BaO,10,None,0,TiO2,sol−gel,900,10,6,50,5.1,720,1,9720,3,140,3,30.4,65.7,14.5
418,BaTiO3,BaO,10,None,0,TiO2,sol−gel,900,10,6,50,5.1,730,1,9720,3,140,3,30.8,65.6,14.5
419,BaTiO3,BaO,10,None,0,TiO2,sol−gel,900,10,6,50,5.1,740,1,9720,3,140,3,30.6,65.2,14.6
420,BaTiO3,BaO,10,None,0,TiO2,sol−gel,900,10,6,50,5.1,750,1,9720,3,140,3,60.8,64.8,14.6
421,BaTiO3,BaO,10,None,0,TiO2,sol−gel,900,10,6,50,5.1,760,1,9720,3,140,3,30.8,64.3,14.5
422,BaTiO3,BaO,10,None,0,TiO2,sol−gel,900,10,6,50,5.1,770,1,9720,3,140,3,31,63.7,14.4
423,BaTiO3,BaO,10,None,0,TiO2,sol−gel,900,10,6,50,5.1,780,1,9720,3,140,3,30.8,63,14.6
424,BaTiO3,BaO,10,None,0,TiO2,sol−gel,900,10,6,50,5.1,790,1,9720,3,140,3,30.2,62.4,14.9
425,BaTiO3,BaO,10,None,0,TiO2,sol−gel,900,10,6,50,5.1,800,1,9720,3,140,3,29.6,62.1,15.4
426,Mn-Na2WO4/SiO2,Mn,2,Na2WO4,5,SiO2,slurry,800,10,5,50,2.4,700,1,9720,3,140,3,8.45,48.8,1.34
427,Mn-Na2WO4/SiO2,Mn,2,Na2WO4,5,SiO2,slurry,800,10,5,50,2.4,710,1,9720,3,140,3,13.2,54.2,3.16
428,Mn-Na2WO4/SiO2,Mn,2,Na2WO4,5,SiO2,slurry,800,10,5,50,2.4,720,1,9720,3,140,3,18.4,59.3,5.05
429,Mn-Na2WO4/SiO2,Mn,2,Na2WO4,5,SiO2,slurry,800,10,5,50,2.4,730,1,9720,3,140,3,24,62.2,7.53
430,Mn-Na2WO4/SiO2,Mn,2,Na2WO4,5,SiO2,slurry,800,10,5,50,2.4,740,1,9720,3,140,3,30.4,63.1,11.1
431,Mn-Na2WO4/SiO2,Mn,2,Na2WO4,5,SiO2,slurry,800,10,5,50,2.4,750,1,9720,3,140,3,36,63.9,14.7
432,Mn-Na2WO4/SiO2,Mn,2,Na2WO4,5,SiO2,slurry,800,10,5,50,2.4,760,1,9720,3,140,3,36.2,63.6,15.1
433,Mn-Na2WO4/SiO2,Mn,2,Na2WO4,5,SiO2,slurry,800,10,5,50,2.4,770,1,9720,3,140,3,36.1,63.1,15.5
434,Mn-Na2WO4/SiO2,Mn,2,Na2WO4,5,SiO2,slurry,800,10,5,50,2.4,780,1,9720,3,140,3,36.2,62.5,15.8
435,Mn-Na2WO4/SiO2,Mn,2,Na2WO4,5,SiO2,slurry,800,10,5,50,2.4,790,1,9720,3,140,3,35.8,62.2,15.6
436,Mn-Na2WO4/SiO2,Mn,2,Na2WO4,5,SiO2,slurry,800,10,5,50,2.4,800,1,9720,3,140,3,35.8,61.9,15.6
437,La2Ce2O7,La,41,None,0,CeO2,sol−gel,800,2,4,60,20,550,1,18000,4,130,12,16.9,34.9,5.91
438,La2Ce2O7,La,41,None,0,CeO2,sol−gel,800,2,4,60,20,560,1,18000,4,130,12,17.7,37.1,6.64
439,La2Ce2O7,La,41,None,0,CeO2,sol−gel,800,2,4,60,20,570,1,18000,4,130,12,18.4,39.3,7.41
440,La2Ce2O7,La,41,None,0,CeO2,sol−gel,800,2,4,60,20,580,1,18000,4,130,12,19.2,41.7,8.17
441,La2Ce2O7,La,41,None,0,CeO2,sol−gel,800,2,4,60,20,590,1,18000,4,130,12,20,43.9,8.82
442,La2Ce2O7,La,41,None,0,CeO2,sol−gel,800,2,4,60,20,600,1,18000,4,130,12,20.7,46.2,9.59
443,La2Ce2O7,La,41,None,0,CeO2,sol−gel,800,2,4,60,20,610,1,18000,4,130,12,21.9,48.6,10.7
444,La2Ce2O7,La,41,None,0,CeO2,sol−gel,800,2,4,60,20,620,1,18000,4,130,12,23.1,50.7,11.8
445,La2Ce2O7,La,41,None,0,CeO2,sol−gel,800,2,4,60,20,630,1,18000,4,130,12,24.2,52.9,12.9
446,La2Ce2O7,La,41,None,0,CeO2,sol−gel,800,2,4,60,20,640,1,18000,4,130,12,25.5,55.1,14.1
447,La2Ce2O7,La,41,None,0,CeO2,sol−gel,800,2,4,60,20,650,1,18000,4,130,12,26.7,57.3,15.2
448,La2Ce2O7,La,41,None,0,CeO2,sol−gel,800,2,4,60,20,660,1,18000,4,130,12,26.9,57.4,15.4
449,La2Ce2O7,La,41,None,0,CeO2,sol−gel,800,2,4,60,20,670,1,18000,4,130,12,27.1,57.6,15.6
450,La2Ce2O7,La,41,None,0,CeO2,sol−gel,800,2,4,60,20,680,1,18000,4,130,12,27.4,57.7,15.7
451,La2Ce2O7,La,41,None,0,CeO2,sol−gel,800,2,4,60,20,690,1,18000,4,130,12,27.6,57.9,15.9
452,La2Ce2O7,La,41,None,0,CeO2,sol−gel,800,2,4,60,20,700,1,18000,4,130,12,27.9,58,16.1
453,La2Ce2O7,La,41,None,0,CeO2,sol−gel,800,2,4,60,20,710,1,18000,4,130,12,28,58.3,16.2
454,La2Ce2O7,La,41,None,0,CeO2,sol−gel,800,2,4,60,20,720,1,18000,4,130,12,28.1,58.3,16.3
455,La2Ce2O7,La,41,None,0,CeO2,sol−gel,800,2,4,60,20,730,1,18000,4,130,12,28.3,58.3,16.4
456,La2Ce2O7,La,41,None,0,CeO2,sol−gel,800,2,4,60,20,740,1,18000,4,130,12,28.4,58.3,16.5
457,La2Ce2O7,La,41,None,0,CeO2,sol−gel,800,2,4,60,20,750,1,18000,4,130,12,28.5,58.3,16.5
458,Pr2Ce2O7,Pr,41.87,None,0,CeO2,sol−gel,800,2,4,60,17,550,1,18000,4,130,12,11.2,12.6,1.45
459,Pr2Ce2O7,Pr,41.87,None,0,CeO2,sol−gel,800,2,4,60,17,560,1,18000,4,130,12,11.3,13.5,1.6
460,Pr2Ce2O7,Pr,41.87,None,0,CeO2,sol−gel,800,2,4,60,17,570,1,18000,4,130,12,11.5,14.8,1.71
461,Pr2Ce2O7,Pr,41.87,None,0,CeO2,sol−gel,800,2,4,60,17,580,1,18000,4,130,12,11.7,16.1,1.9
462,Pr2Ce2O7,Pr,41.87,None,0,CeO2,sol−gel,800,2,4,60,17,590,1,18000,4,130,12,12,17,2.05
463,Pr2Ce2O7,Pr,41.87,None,0,CeO2,sol−gel,800,2,4,60,17,600,1,18000,4,130,12,12.2,18.2,2.2
464,Pr2Ce2O7,Pr,41.87,None,0,CeO2,sol−gel,800,2,4,60,17,610,1,18000,4,130,12,12.5,19.6,2.43
465,Pr2Ce2O7,Pr,41.87,None,0,CeO2,sol−gel,800,2,4,60,17,620,1,18000,4,130,12,12.8,21.1,2.73
466,Pr2Ce2O7,Pr,41.87,None,0,CeO2,sol−gel,800,2,4,60,17,630,1,18000,4,130,12,13.1,22.9,3.04
467,Pr2Ce2O7,Pr,41.87,None,0,CeO2,sol−gel,800,2,4,60,17,640,1,18000,4,130,12,13.5,24.3,3.3
468,Pr2Ce2O7,Pr,41.87,None,0,CeO2,sol−gel,800,2,4,60,17,650,1,18000,4,130,12,13.8,26,3.49
469,Pr2Ce2O7,Pr,41.87,None,0,CeO2,sol−gel,800,2,4,60,17,660,1,18000,4,130,12,13.9,26.6,3.64
470,Pr2Ce2O7,Pr,41.87,None,0,CeO2,sol−gel,800,2,4,60,17,670,1,18000,4,130,12,14,27.4,3.75
471,Pr2Ce2O7,Pr,41.87,None,0,CeO2,sol−gel,800,2,4,60,17,680,1,18000,4,130,12,14.1,27.9,3.9
472,Pr2Ce2O7,Pr,41.87,None,0,CeO2,sol−gel,800,2,4,60,17,690,1,18000,4,130,12,14.2,28.4,3.97
473,Pr2Ce2O7,Pr,41.87,None,0,CeO2,sol−gel,800,2,4,60,17,700,1,18000,4,130,12,14.3,29.2,4.12
474,Pr2Ce2O7,Pr,41.87,None,0,CeO2,sol−gel,800,2,4,60,17,710,1,18000,4,130,12,14.5,29.6,4.27
475,Pr2Ce2O7,Pr,41.87,None,0,CeO2,sol−gel,800,2,4,60,17,720,1,18000,4,130,12,14.8,30.2,4.39
476,Pr2Ce2O7,Pr,41.87,None,0,CeO2,sol−gel,800,2,4,60,17,730,1,18000,4,130,12,15,30.8,4.5
477,Pr2Ce2O7,Pr,41.87,None,0,CeO2,sol−gel,800,2,4,60,17,740,1,18000,4,130,12,15.1,31.1,4.65
478,Pr2Ce2O7,Pr,41.87,None,0,CeO2,sol−gel,800,2,4,60,17,750,1,18000,4,130,12,15.3,31.8,4.68
479,Sm2Ce2O7,Sm,43.4,None,0,CeO2,sol−gel,800,2,4,60,20,550,1,18000,4,130,12,21.8,47.2,10.3
480,Sm2Ce2O7,Sm,43.4,None,0,CeO2,sol−gel,800,2,4,60,20,575,1,18000,4,130,12,21.9,48,10.5
481,Sm2Ce2O7,Sm,43.4,None,0,CeO2,sol−gel,800,2,4,60,20,600,1,18000,4,130,12,22.1,48.3,10.7
482,Sm2Ce2O7,Sm,43.4,None,0,CeO2,sol−gel,800,2,4,60,20,625,1,18000,4,130,12,22.1,48.6,10.7
483,Sm2Ce2O7,Sm,43.4,None,0,CeO2,sol−gel,800,2,4,60,20,650,1,18000,4,130,12,22.2,48.9,10.9
484,Sm2Ce2O7,Sm,43.4,None,0,CeO2,sol−gel,800,2,4,60,20,675,1,18000,4,130,12,22.6,49.7,11.2
485,Sm2Ce2O7,Sm,43.4,None,0,CeO2,sol−gel,800,2,4,60,20,700,1,18000,4,130,12,22.9,50.8,11.7
486,Sm2Ce2O7,Sm,43.4,None,0,CeO2,sol−gel,800,2,4,60,20,725,1,18000,4,130,12,23,50.9,11.7
487,Sm2Ce2O7,Sm,43.4,None,0,CeO2,sol−gel,800,2,4,60,20,750,1,18000,4,130,12,23,51,11.7
488,Y2Ce2O7,Y,31.2,None,0,CeO2,sol−gel,800,2,4,60,9,550,1,18000,4,130,12,14.8,40.1,5.91
489,Y2Ce2O7,Y,31.2,None,0,CeO2,sol−gel,800,2,4,60,9,560,1,18000,4,130,12,15.7,41.3,6.56
490,Y2Ce2O7,Y,31.2,None,0,CeO2,sol−gel,800,2,4,60,9,570,1,18000,4,130,12,16.6,42.6,7.14
491,Y2Ce2O7,Y,31.2,None,0,CeO2,sol−gel,800,2,4,60,9,580,1,18000,4,130,12,17.4,44,7.75
492,Y2Ce2O7,Y,31.2,None,0,CeO2,sol−gel,800,2,4,60,9,590,1,18000,4,130,12,18.3,45.5,8.32
493,Y2Ce2O7,Y,31.2,None,0,CeO2,sol−gel,800,2,4,60,9,600,1,18000,4,130,12,19.1,46.8,8.89
494,Y2Ce2O7,Y,31.2,None,0,CeO2,sol−gel,800,2,4,60,9,610,1,18000,4,130,12,19.8,47.3,9.35
495,Y2Ce2O7,Y,31.2,None,0,CeO2,sol−gel,800,2,4,60,9,620,1,18000,4,130,12,20.4,47.7,9.73
496,Y2Ce2O7,Y,31.2,None,0,CeO2,sol−gel,800,2,4,60,9,630,1,18000,4,130,12,21.1,48.6,10.2
497,Y2Ce2O7,Y,31.2,None,0,CeO2,sol−gel,800,2,4,60,9,640,1,18000,4,130,12,21.7,48.7,10.6
498,Y2Ce2O7,Y,31.2,None,0,CeO2,sol−gel,800,2,4,60,9,650,1,18000,4,130,12,22.3,48.9,11
499,Y2Ce2O7,Y,31.2,None,0,CeO2,sol−gel,800,2,4,60,9,660,1,18000,4,130,12,22.6,49.3,11.1
500,Y2Ce2O7,Y,31.2,None,0,CeO2,sol−gel,800,2,4,60,9,670,1,18000,4,130,12,22.7,49.6,11.2
501,Y2Ce2O7,Y,31.2,None,0,CeO2,sol−gel,800,2,4,60,9,680,1,18000,4,130,12,22.9,49.9,11.3
502,Y2Ce2O7,Y,31.2,None,0,CeO2,sol−gel,800,2,4,60,9,690,1,18000,4,130,12,23.1,50.3,11.5
503,Y2Ce2O7,Y,31.2,None,0,CeO2,sol−gel,800,2,4,60,9,700,1,18000,4,130,12,23.2,50.8,11.6
504,Y2Ce2O7,Y,31.2,None,0,CeO2,sol−gel,800,2,4,60,9,710,1,18000,4,130,12,23.3,50.9,11.7
505,Y2Ce2O7,Y,31.2,None,0,CeO2,sol−gel,800,2,4,60,9,720,1,18000,4,130,12,23.4,50.9,11.9
506,Y2Ce2O7,Y,31.2,None,0,CeO2,sol−gel,800,2,4,60,9,730,1,18000,4,130,12,23.5,50.9,12
507,Y2Ce2O7,Y,31.2,None,0,CeO2,sol−gel,800,2,4,60,9,740,1,18000,4,130,12,23.6,50.9,12
508,Y2Ce2O7,Y,31.2,None,0,CeO2,sol−gel,800,2,4,60,9,750,1,18000,4,130,12,23.7,51,12.1
509,Mn-Na2WO4/SiO2,Mn,2,Na2WO4,5,SiO2,incipient-wetness impregnation,800,2,4,60,2,550,1,18000,4,105,8,0.277,1.35,0.186
510,Mn-Na2WO4/SiO2,Mn,2,Na2WO4,5,SiO2,incipient-wetness impregnation,800,2,4,60,2,600,1,18000,4,105,8,0.362,2.3,0.319
511,Mn-Na2WO4/SiO2,Mn,2,Na2WO4,5,SiO2,incipient-wetness impregnation,800,2,4,60,2,650,1,18000,4,105,8,0.533,15.5,0.559
512,Mn-Na2WO4/SiO2,Mn,2,Na2WO4,5,SiO2,incipient-wetness impregnation,800,2,4,60,2,700,1,18000,4,105,8,6.76,42.8,2.79
513,Mn-Na2WO4/SiO2,Mn,2,Na2WO4,5,SiO2,incipient-wetness impregnation,800,2,4,60,2,750,1,18000,4,105,8,26.6,61.7,16.4
514,Mn-Na2WO4/SiO2,Mn,2,Na2WO4,5,SiO2,incipient-wetness impregnation,800,2,4,60,2,800,1,18000,4,105,8,34.8,67,23.1
515,Li-Mn-Na2WO4/SiO2,Mn,2,Na2WO4,5,SiO2,incipient-wetness impregnation,850,2,4,35,2.9,700,1,76100,3,120,12,16.06,41.47,6.66
516,Li-Mn-Na2WO4/SiO2,Li-Mn,2.5,Na2WO4,5,SiO2,incipient-wetness impregnation,850,2,4,35,2.9,700,1,76100,3,120,12,9.61,39.32,3.77
517,K-Mn-Na2WO4/SiO2,K-Mn,2.5,Na2WO4,5,SiO2,incipient-wetness impregnation,850,2,4,35,2.9,700,1,76100,3,120,12,17.02,40.01,6.81
518,Rb-Mn-Na2WO4/SiO2,Rb-Mn,2.5,Na2WO4,5,SiO2,incipient-wetness impregnation,850,2,4,35,2.9,700,1,76100,3,120,12,25.23,14.57,10.49
519,Cs-Mn-Na2WO4/SiO2,Cs-Mn,2.5,Na2WO4,5,SiO2,incipient-wetness impregnation,850,2,4,35,2.9,700,1,76100,3,120,12,8.98,41.31,3.71
520,Mg-Mn-Na2WO4/SiO2,Mg-Mn,2.5,Na2WO4,5,SiO2,incipient-wetness impregnation,850,2,4,35,2.9,700,1,76100,3,120,12,13.09,41.24,5.39
521,Ca-Mn-Na2WO4/SiO2,Ca-Mn,2.5,Na2WO4,5,SiO2,incipient-wetness impregnation,850,2,4,35,2.9,700,1,76100,3,120,12,23.58,32.37,7.628
522,Sr-Mn-Na2WO4/SiO2,Sr-Mn,2.5,Na2WO4,5,SiO2,incipient-wetness impregnation,850,2,4,35,2.9,700,1,76100,3,120,12,28.89,44.4,12.83
523,Ba-Mn-Na2WO4/SiO2,Ba-Mn,2.5,Na2WO4,5,SiO2,incipient-wetness impregnation,850,2,4,35,2.9,700,1,76100,3,120,12,12.36,41.72,5.16
524,Sr-Mn-Na2WO4/SiO2,Sr-Mn,2,Na2WO4,5,SiO2,incipient-wetness impregnation,850,2,3,35,2.9,700,1,76100,3,120,12,16.1,47.4,6.66
525,Sr-Mn-Na2WO4/SiO2,Sr-Mn,2.1,Na2WO4,5,SiO2,incipient-wetness impregnation,850,2,3,35,2.9,700,1,76100,3,120,12,31.2,42.2,13.2
526,Sr-Mn-Na2WO4/SiO2,Sr-Mn,2.2,Na2WO4,5,SiO2,incipient-wetness impregnation,850,2,3,35,2.9,700,1,76100,3,120,12,32,44.3,14.2
527,Sr-Mn-Na2WO4/SiO2,Sr-Mn,2.3,Na2WO4,5,SiO2,incipient-wetness impregnation,850,2,3,35,2.9,700,1,76100,3,120,12,31.2,45.9,14.3
528,Sr-Mn-Na2WO4/SiO2,Sr-Mn,2.4,Na2WO4,5,SiO2,incipient-wetness impregnation,850,2,3,35,2.9,700,1,76100,3,120,12,29.9,45.1,13.6
529,Sr-Mn-Na2WO4/SiO2,Sr-Mn,2.5,Na2WO4,5,SiO2,incipient-wetness impregnation,850,2,3,35,2.9,700,1,76100,3,120,12,28.8,44.4,12.8
530,Sr-Mn-Na2WO4/SiO2,Sr-Mn,2.6,Na2WO4,5,SiO2,incipient-wetness impregnation,850,2,3,35,2.9,700,1,76100,3,120,12,28.9,42.5,12.3
531,Sr-Mn-Na2WO4/SiO2,Sr-Mn,2.7,Na2WO4,5,SiO2,incipient-wetness impregnation,850,2,3,35,2.9,700,1,76100,3,120,12,28.7,41,11.8
532,Sr-Mn-Na2WO4/SiO2,Sr-Mn,2.8,Na2WO4,5,SiO2,incipient-wetness impregnation,850,2,3,35,2.9,700,1,76100,3,120,12,28.2,40.1,11.3
533,Sr-Mn-Na2WO4/SiO2,Sr-Mn,2.9,Na2WO4,5,SiO2,incipient-wetness impregnation,850,2,3,35,2.9,700,1,76100,3,120,12,26.8,39.9,10.7
534,Sr-Mn-Na2WO4/SiO2,Sr-Mn,3,Na2WO4,5,SiO2,incipient-wetness impregnation,850,2,3,35,2.9,700,1,76100,3,120,12,25.7,39.7,10.2
535,Sr-Mn-Na2WO4/SiO2,Sr-Mn,3.1,Na2WO4,5,SiO2,incipient-wetness impregnation,850,2,3,35,2.9,700,1,76100,3,120,12,24.9,38.5,9.64
536,Sr-Mn-Na2WO4/SiO2,Sr-Mn,3.2,Na2WO4,5,SiO2,incipient-wetness impregnation,850,2,3,35,2.9,700,1,76100,3,120,12,24.3,37.2,6.11
537,Sr-Mn-Na2WO4/SiO2,Sr-Mn,3.3,Na2WO4,5,SiO2,incipient-wetness impregnation,850,2,3,35,2.9,700,1,76100,3,120,12,23.7,36,8.6
538,Sr-Mn-Na2WO4/SiO2,Sr-Mn,3.4,Na2WO4,5,SiO2,incipient-wetness impregnation,850,2,3,35,2.9,700,1,76100,3,120,12,23.1,34.7,8.08
539,Sr-Mn-Na2WO4/SiO2,Sr-Mn,3.5,Na2WO4,5,SiO2,incipient-wetness impregnation,850,2,3,35,2.9,700,1,76100,3,120,12,22.5,33.5,7.57
540,Sr-Mn-Na2WO4/SiO2,Sr-Mn,2.25,Na2WO4,5,SiO2,incipient-wetness impregnation,850,2,3,35,4.1,700,1,10000,3,120,12,33.8,52.6,17.8
541,Sr-Mn-Na2WO4/SiO2,Sr-Mn,2.25,Na2WO4,5,SiO2,incipient-wetness impregnation,850,2,3,35,4.1,700,1,15000,3,120,12,35.2,54.8,19.2
542,Sr-Mn-Na2WO4/SiO2,Sr-Mn,2.25,Na2WO4,5,SiO2,incipient-wetness impregnation,850,2,3,35,4.1,700,1,20000,3,120,12,35.5,54.7,19.6
543,Sr-Mn-Na2WO4/SiO2,Sr-Mn,2.25,Na2WO4,5,SiO2,incipient-wetness impregnation,850,2,3,35,4.1,700,1,25000,3,120,12,35.4,54.6,19.3
544,Sr-Mn-Na2WO4/SiO2,Sr-Mn,2.25,Na2WO4,5,SiO2,incipient-wetness impregnation,850,2,3,35,4.1,700,1,30000,3,120,12,35.1,56.2,19.8
545,Sr-Mn-Na2WO4/SiO2,Sr-Mn,2.25,Na2WO4,5,SiO2,incipient-wetness impregnation,850,2,3,35,4.1,700,1,35000,3,120,12,34.6,57.4,20.2
546,Sr-Mn-Na2WO4/SiO2,Sr-Mn,2.25,Na2WO4,5,SiO2,incipient-wetness impregnation,850,2,3,35,4.1,700,1,40000,3,120,12,32.7,57,19.9
547,Sr-Mn-Na2WO4/SiO2,Sr-Mn,2.25,Na2WO4,5,SiO2,incipient-wetness impregnation,850,2,3,35,4.1,700,1,45000,3,120,12,31.1,57.7,19.5
548,Sr-Mn-Na2WO4/SiO2,Sr-Mn,2.25,Na2WO4,5,SiO2,incipient-wetness impregnation,850,2,3,35,4.1,700,1,50000,3,120,12,29,59.1,19.1
549,Sr-Mn-Na2WO4/SiO2,Sr-Mn,2.25,Na2WO4,5,SiO2,incipient-wetness impregnation,850,2,3,35,4.1,700,1,55000,3,120,12,22.8,57.5,14.4
550,Sr-Mn-Na2WO4/SiO2,Sr-Mn,2.25,Na2WO4,5,SiO2,incipient-wetness impregnation,850,2,3,35,4.1,700,1,60000,3,120,12,17.1,54.6,9.45
551,Sr-Mn-Na2WO4/SiO2,Sr-Mn,2.25,Na2WO4,5,SiO2,incipient-wetness impregnation,850,2,3,35,4.1,700,1,65000,3,120,12,16.1,50.3,8.16
552,Sr-Mn-Na2WO4/SiO2,Sr-Mn,2.25,Na2WO4,5,SiO2,incipient-wetness impregnation,850,2,3,35,4.1,700,1,70000,3,120,12,12.7,45.4,6
553,Sr-Mn-Na2WO4/SiO2,Sr-Mn,2.25,Na2WO4,5,SiO2,incipient-wetness impregnation,850,2,3,35,4.1,600,1,12700,3,120,12,0.355,17.1,0.146
554,Sr-Mn-Na2WO4/SiO2,Sr-Mn,2.25,Na2WO4,5,SiO2,incipient-wetness impregnation,850,2,3,35,4.1,625,1,12700,3,120,12,1.82,32,0.679
555,Sr-Mn-Na2WO4/SiO2,Sr-Mn,2.25,Na2WO4,5,SiO2,incipient-wetness impregnation,850,2,3,35,4.1,650,1,12700,3,120,12,3.41,46.7,1.48
556,Sr-Mn-Na2WO4/SiO2,Sr-Mn,2.25,Na2WO4,5,SiO2,incipient-wetness impregnation,850,2,3,35,4.1,675,1,12700,3,120,12,19.3,52.1,10.8
557,Sr-Mn-Na2WO4/SiO2,Sr-Mn,2.25,Na2WO4,5,SiO2,incipient-wetness impregnation,850,2,3,35,4.1,700,1,12700,3,120,12,35.2,57.7,20.2
558,Sr-Mn-Na2WO4/SiO2,Sr-Mn,2.25,Na2WO4,5,SiO2,incipient-wetness impregnation,850,2,3,35,4.1,725,1,12700,3,120,12,35.3,57.4,20.3
559,Sr-Mn-Na2WO4/SiO2,Sr-Mn,2.25,Na2WO4,5,SiO2,incipient-wetness impregnation,850,2,3,35,4.1,750,1,12700,3,120,12,35.5,57.3,20.4
560,Sr-Mn-Na2WO4/SiO2,Sr-Mn,2.25,Na2WO4,5,SiO2,incipient-wetness impregnation,850,2,3,35,4.1,775,1,12700,3,120,12,35.7,51.5,18.5
561,Sr-Mn-Na2WO4/SiO2,Sr-Mn,2.25,Na2WO4,5,SiO2,incipient-wetness impregnation,850,2,3,35,4.1,800,1,12700,3,120,12,36.3,46.1,16.6
562,Sr-Mn-Na2WO4/SiO2,Sr-Mn,2.25,Na2WO4,5,SiO2,incipient-wetness impregnation,850,2,3,35,4.1,800,1,12900,3,120,12,34.2,59.1,20.2
563,Sr-Mn-Na2WO4/SiO2,Sr-Mn,2.25,Na2WO4,5,SiO2,incipient-wetness impregnation,850,2,3,45,4.1,800,1,16600,3,120,12,34.5,59.6,20.5
564,Sr-Mn-Na2WO4/SiO2,Sr-Mn,2.25,Na2WO4,5,SiO2,incipient-wetness impregnation,850,2,3,55,4.1,800,1,20200,3,120,12,35.5,60.4,21.4
565,Sr-Mn-Na2WO4/SiO2,Sr-Mn,2.25,Na2WO4,5,SiO2,incipient-wetness impregnation,850,2,3,65,4.1,800,1,23700,3,120,12,36.6,62.5,22.9
566,Sr-Mn-Na2WO4/SiO2,Sr-Mn,2.25,Na2WO4,5,SiO2,incipient-wetness impregnation,850,2,3,75,4.1,800,1,27500,3,120,12,31.2,57.4,17.9
567,Sr-Mn-Na2WO4/SiO2,Sr-Mn,2.25,Na2WO4,5,SiO2,incipient-wetness impregnation,850,2,3,85,4.1,800,1,31100,3,120,12,31.1,56.1,17.5
568,MgTiO3,Mg,0,None,0,TiO2,sol-gel,800,2,2,35,4.1,700,1,20000,3,120,8,26.1,48.8,12.7
569,MgTiO3,Mg,5,None,0,TiO2,sol-gel,800,2,2,35,4.1,700,1,20000,3,120,8,26.1,48.2,13.8
570,MgTiO3,Mg,10,None,0,TiO2,sol-gel,800,2,2,35,4.1,700,1,20000,3,120,8,26.2,47.9,15
571,MgTiO3,Mg,15,None,0,TiO2,sol-gel,800,2,2,35,4.1,700,1,20000,3,120,8,28.7,47,14.7
572,MgTiO3,Mg,20,None,0,TiO2,sol-gel,800,2,2,35,4.1,700,1,20000,3,120,8,31.4,46.3,14.5
573,MgTiO3,Mg,25,None,0,TiO2,sol-gel,800,2,2,35,4.1,700,1,20000,3,120,8,31,45.1,14.1
574,MgTiO3,Mg,30,None,0,TiO2,sol-gel,800,2,2,35,4.1,700,1,20000,3,120,8,30.7,44.3,13.6
575,MgTiO3,Mg,35,None,0,TiO2,sol-gel,800,2,2,35,4.1,700,1,20000,3,120,8,30.1,45.2,13.7
576,MgTiO3,Mg,40,None,0,TiO2,sol-gel,800,2,2,35,4.1,700,1,20000,3,120,8,29.6,46,13.7
577,MgTiO3,Mg,45,None,0,TiO2,sol-gel,800,2,2,35,4.1,700,1,20000,3,120,8,29.4,44.8,13.2
578,MgTiO3,Mg,50,None,0,TiO2,sol-gel,800,2,2,35,4.1,700,1,20000,3,120,8,29.1,43.7,12.7
579,MgTiO3,Mg,55,None,0,TiO2,sol-gel,800,2,2,35,4.1,700,1,20000,3,120,8,30,44.9,13.5
580,MgTiO3,Mg,60,None,0,TiO2,sol-gel,800,2,2,35,4.1,700,1,20000,3,120,8,31,46.4,14.4
581,CaTiO3,Ca,0,None,0,TiO2,sol-gel,800,2,2,35,2.5,700,1,20000,3,120,8,26.1,48.8,12.7
582,CaTiO3,Ca,5,None,0,TiO2,sol-gel,800,2,2,35,2.5,700,1,20000,3,120,8,27.1,41.7,11.1
583,CaTiO3,Ca,10,None,0,TiO2,sol-gel,800,2,2,35,2.5,700,1,20000,3,120,8,28,34.4,9.78
584,CaTiO3,Ca,15,None,0,TiO2,sol-gel,800,2,2,35,2.5,700,1,20000,3,120,8,29.6,42.2,12.7
585,CaTiO3,Ca,20,None,0,TiO2,sol-gel,800,2,2,35,2.5,700,1,20000,3,120,8,31.2,49.6,15.5
586,CaTiO3,Ca,25,None,0,TiO2,sol-gel,800,2,2,35,2.5,700,1,20000,3,120,8,31,49.8,15.4
587,CaTiO3,Ca,30,None,0,TiO2,sol-gel,800,2,2,35,2.5,700,1,20000,3,120,8,30.6,50.2,15.4
588,CaTiO3,Ca,35,None,0,TiO2,sol-gel,800,2,2,35,2.5,700,1,20000,3,120,8,30.7,49.6,15.2
589,CaTiO3,Ca,40,None,0,TiO2,sol-gel,800,2,2,35,2.5,700,1,20000,3,120,8,30.7,49.2,15.1
590,CaTiO3,Ca,45,None,0,TiO2,sol-gel,800,2,2,35,2.5,700,1,20000,3,120,8,30.6,45.2,13.9
591,CaTiO3,Ca,50,None,0,TiO2,sol-gel,800,2,2,35,2.5,700,1,20000,3,120,8,30.5,41.4,12.7
592,CaTiO3,Ca,55,None,0,TiO2,sol-gel,800,2,2,35,2.5,700,1,20000,3,120,8,27.6,43.3,12
593,CaTiO3,Ca,60,None,0,TiO2,sol-gel,800,2,2,35,2.5,700,1,20000,3,120,8,25,45,11.3
594,SrTiO3,Sr,0,None,0,TiO2,sol-gel,800,2,2,35,2.3,700,1,20000,3,120,8,26,48.7,12.8
595,SrTiO3,Sr,5,None,0,TiO2,sol-gel,800,2,2,35,2.3,700,1,20000,3,120,8,26.9,53.3,14.5
596,SrTiO3,Sr,10,None,0,TiO2,sol-gel,800,2,2,35,2.3,700,1,20000,3,120,8,27.8,57.6,16
597,SrTiO3,Sr,15,None,0,TiO2,sol-gel,800,2,2,35,2.3,700,1,20000,3,120,8,27.4,57.4,15.8
598,SrTiO3,Sr,20,None,0,TiO2,sol-gel,800,2,2,35,2.3,700,1,20000,3,120,8,27.1,57.3,15.6
599,SrTiO3,Sr,25,None,0,TiO2,sol-gel,800,2,2,35,2.3,700,1,20000,3,120,8,27.6,57.6,16
600,SrTiO3,Sr,30,None,0,TiO2,sol-gel,800,2,2,35,2.3,700,1,20000,3,120,8,28.3,58.1,16.5
601,SrTiO3,Sr,35,None,0,TiO2,sol-gel,800,2,2,35,2.3,700,1,20000,3,120,8,28.6,58.2,16.7
602,SrTiO3,Sr,40,None,0,TiO2,sol-gel,800,2,2,35,2.3,700,1,20000,3,120,8,29,58,16.9
603,SrTiO3,Sr,45,None,0,TiO2,sol-gel,800,2,2,35,2.3,700,1,20000,3,120,8,29.9,57.1,17
604,SrTiO3,Sr,50,None,0,TiO2,sol-gel,800,2,2,35,2.3,700,1,20000,3,120,8,30.8,56,17.2
605,SrTiO3,Sr,55,None,0,TiO2,sol-gel,800,2,2,35,2.3,700,1,20000,3,120,8,29.8,56,16.7
606,SrTiO3,Sr,60,None,0,TiO2,sol-gel,800,2,2,35,2.3,700,1,20000,3,120,8,28.9,56,16.2
607,BaTiO3,Ba,0,None,0,TiO2,sol-gel,800,2,2,35,0.2,700,1,20000,3,120,8,26.2,49,12.8
608,BaTiO3,Ba,5,None,0,TiO2,sol-gel,800,2,2,35,0.2,700,1,20000,3,120,8,21.4,47.4,10.2
609,BaTiO3,Ba,10,None,0,TiO2,sol-gel,800,2,2,35,0.2,700,1,20000,3,120,8,16.9,46,7.77
610,BaTiO3,Ba,15,None,0,TiO2,sol-gel,800,2,2,35,0.2,700,1,20000,3,120,8,19.9,55.3,11.4
611,BaTiO3,Ba,20,None,0,TiO2,sol-gel,800,2,2,35,0.2,700,1,20000,3,120,8,23.1,64.5,14.9
612,BaTiO3,Ba,25,None,0,TiO2,sol-gel,800,2,2,35,0.2,700,1,20000,3,120,8,22.9,65.2,15
613,BaTiO3,Ba,30,None,0,TiO2,sol-gel,800,2,2,35,0.2,700,1,20000,3,120,8,22.8,66.2,15.1
614,BaTiO3,Ba,35,None,0,TiO2,sol-gel,800,2,2,35,0.2,700,1,20000,3,120,8,22.6,66.3,15
615,BaTiO3,Ba,40,None,0,TiO2,sol-gel,800,2,2,35,0.2,700,1,20000,3,120,8,22.5,66.4,15
616,BaTiO3,Ba,45,None,0,TiO2,sol-gel,800,2,2,35,0.2,700,1,20000,3,120,8,23.8,64.9,15.5
617,BaTiO3,Ba,50,None,0,TiO2,sol-gel,800,2,2,35,0.2,700,1,20000,3,120,8,25.1,63.5,15.9
618,BaTiO3,Ba,55,None,0,TiO2,sol-gel,800,2,2,35,0.2,700,1,20000,3,120,8,23.4,64.4,15.1
619,BaTiO3,Ba,60,None,0,TiO2,sol-gel,800,2,2,35,0.2,700,1,20000,3,120,8,21.8,65.5,14.3
620,La-MgO,La,10,MgO,10,La2O3,solution-mixing,800,2,2,35,18.6,450,1,20000,3,120,8,0,0,0
621,La-MgO,La,10,MgO,10,La2O3,solution-mixing,800,2,2,35,18.6,500,1,20000,3,120,8,0.01,0.134,1.51
622,La-MgO,La,10,MgO,10,La2O3,solution-mixing,800,2,2,35,18.6,550,1,20000,3,120,8,11.1,13.5,2.11
623,La-MgO,La,10,MgO,10,La2O3,solution-mixing,800,2,2,35,18.6,600,1,20000,3,120,8,13.9,23.9,3.45
624,La-MgO,La,10,MgO,10,La2O3,solution-mixing,800,2,2,35,18.6,650,1,20000,3,120,8,16.9,41.7,7.04
625,La-MgO,La,10,MgO,10,La2O3,solution-mixing,800,2,2,35,18.6,700,1,20000,3,120,8,31.4,48.1,15
626,La-MgO,La,10,MgO,10,La2O3,solution-mixing,800,2,2,35,18.6,750,1,20000,3,120,8,27.9,34.6,9.64
627,La-MgO,La,10,CaO,10,La2O3,solution-mixing,800,2,2,35,18.6,800,1,20000,3,120,8,26.2,15.1,3.88
628,La-CaO,Ca,30,CaO,10,La2O3,solution-mixing,800,2,2,35,3,450,1,20000,3,120,8,1.66,0,0
629,La-CaO,Ca,30,CaO,10,La2O3,solution-mixing,800,2,2,35,3,500,1,20000,3,120,8,5.31,0.179,0.09
630,La-CaO,Ca,30,CaO,10,La2O3,solution-mixing,800,2,2,35,3,550,1,20000,3,120,8,10.6,0.179,0.12
631,La-CaO,Ca,30,CaO,10,La2O3,solution-mixing,800,2,2,35,3,600,1,20000,3,120,8,13.9,25.3,3.47
632,La-CaO,Ca,30,CaO,10,La2O3,solution-mixing,800,2,2,35,3,650,1,20000,3,120,8,16,38.6,6.16
633,La-CaO,Ca,30,CaO,10,La2O3,solution-mixing,800,2,2,35,3,700,1,20000,3,120,8,30.9,50,15.4
634,La-CaO,Ca,30,CaO,10,La2O3,solution-mixing,800,2,2,35,3,750,1,20000,3,120,8,14.7,22.5,3.31
635,La-CaO,Ca,30,CaO,10,La2O3,solution-mixing,800,2,2,35,3,800,1,20000,3,120,8,16.4,10.5,1.75
636,La-SrO,Sr,50,SrO,50,La2O3,solution-mixing,800,2,2,35,4.3,450,1,20000,3,120,8,0.628,0.17,0.0584
637,La-SrO,Sr,50,SrO,50,La2O3,solution-mixing,800,2,2,35,4.3,500,1,20000,3,120,8,1.6,0,0.154
638,La-SrO,Sr,50,SrO,50,La2O3,solution-mixing,800,2,2,35,4.3,550,1,20000,3,120,8,3.93,0,0.0266
639,La-SrO,Sr,50,SrO,50,La2O3,solution-mixing,800,2,2,35,4.3,600,1,20000,3,120,8,10.2,19.6,2
640,La-SrO,Sr,50,SrO,50,La2O3,solution-mixing,800,2,2,35,4.3,650,1,20000,3,120,8,29.5,50.2,14.8
641,La-SrO,Sr,50,SrO,50,La2O3,solution-mixing,800,2,2,35,4.3,700,1,20000,3,120,8,31,56.1,17.2
642,La-SrO,Sr,50,SrO,50,La2O3,solution-mixing,800,2,2,35,4.3,750,1,20000,3,120,8,34.6,46.4,16
643,La-SrO,Sr,50,SrO,50,La2O3,solution-mixing,800,2,2,35,4.3,800,1,20000,3,120,8,32.7,24.7,8.12
644,La-BaO,Ba,50,BaO,50,La2O3,solution-mixing,800,2,2,35,0.2,450,1,20000,3,120,8,0,0,0
645,La-BaO,Ba,50,BaO,50,La2O3,solution-mixing,800,2,2,35,0.2,500,1,20000,3,120,8,0.0576,0,0.0584
646,La-BaO,Ba,50,BaO,50,La2O3,solution-mixing,800,2,2,35,0.2,550,1,20000,3,120,8,13.6,15.2,1.24
647,La-BaO,Ba,50,BaO,50,La2O3,solution-mixing,800,2,2,35,0.2,600,1,20000,3,120,8,13.9,28.6,3.49
648,La-BaO,Ba,50,BaO,50,La2O3,solution-mixing,800,2,2,35,0.2,650,1,20000,3,120,8,16.9,43.8,7.93
649,La-BaO,Ba,50,BaO,50,La2O3,solution-mixing,800,2,2,35,0.2,700,1,20000,3,120,8,25.1,63.4,15.9
650,La-BaO,Ba,50,BaO,50,La2O3,solution-mixing,800,2,2,35,0.2,750,1,20000,3,120,8,15.8,22.1,3.65
651,La-BaO,Ba,50,BaO,50,La2O3,solution-mixing,800,2,2,35,0.2,800,1,20000,3,120,8,16.9,3.22,0.616
652,La2O3,None,0,None,0,La2O3,hydrothermal,800,10,4,50,37,560,1,15000,3,50,12,3.97,4.38,0.312
653,La2O3,None,0,None,0,La2O3,hydrothermal,800,10,4,50,37,580,1,15000,3,50,12,13,2.65,0.342
654,La2O3,None,0,None,0,La2O3,hydrothermal,800,10,4,50,37,600,1,15000,3,50,12,12.4,4.99,0.643
655,La2O3,None,0,None,0,La2O3,hydrothermal,800,10,4,50,37,620,1,15000,3,50,12,16.8,7.94,1.37
656,La2O3,None,0,None,0,La2O3,hydrothermal,800,10,4,50,37,640,1,15000,3,50,12,21.2,14.1,3.04
657,La2O3,None,0,None,0,La2O3,hydrothermal,800,10,4,50,37,660,1,15000,3,50,12,25.6,19.2,4.98
658,La2O3,None,0,None,0,La2O3,hydrothermal,800,10,4,50,37,680,1,15000,3,50,12,30.1,23.7,7.17
659,La2O3,None,0,None,0,La2O3,hydrothermal,800,10,4,50,37,700,1,15000,3,50,12,33.9,25.1,8.53
660,La2O3,None,0,None,0,La2O3,hydrothermal,800,10,4,50,37,720,1,15000,3,50,12,37.4,31.9,12
661,La2O3,None,0,None,0,La2O3,hydrothermal,800,10,4,50,37,740,1,15000,3,50,12,39.1,35.1,13.8
662,La2O3,None,0,None,0,La2O3,hydrothermal,800,10,4,50,37,760,1,15000,3,50,12,43.2,38.3,16.7
663,La2O3,None,0,None,0,La2O3,hydrothermal,800,10,4,50,37,780,1,15000,3,50,12,44.4,37.7,16.8
664,La2O3,None,0,None,0,La2O3,hydrothermal,800,10,4,50,37,800,1,15000,3,50,12,44.4,35.2,15.7
665,Li-La2O3,Li,4,None,0,La2O3,hydrothermal,800,10,4,50,35,560,1,15000,3,50,12,3.53,5.68,0.1
666,Li-La2O3,Li,4,None,0,La2O3,hydrothermal,800,10,4,50,35,580,1,15000,3,50,12,9.27,0.671,0.161
667,Li-La2O3,Li,4,None,0,La2O3,hydrothermal,800,10,4,50,35,600,1,15000,3,50,12,14.2,0.136,0.161
668,Li-La2O3,Li,4,None,0,La2O3,hydrothermal,800,10,4,50,35,620,1,15000,3,50,12,18.2,3.01,0.221
669,Li-La2O3,Li,4,None,0,La2O3,hydrothermal,800,10,4,50,35,640,1,15000,3,50,12,21.2,10.7,0.704
670,Li-La2O3,Li,4,None,0,La2O3,hydrothermal,800,10,4,50,35,660,1,15000,3,50,12,22.8,24.1,1.94
671,Li-La2O3,Li,4,None,0,La2O3,hydrothermal,800,10,4,50,35,680,1,15000,3,50,12,23.2,41,3.15
672,Li-La2O3,Li,4,None,0,La2O3,hydrothermal,800,10,4,50,35,700,1,15000,3,50,12,23,54.8,4.82
673,Li-La2O3,Li,4,None,0,La2O3,hydrothermal,800,10,4,50,35,720,1,15000,3,50,12,22.7,65.3,7.37
674,Li-La2O3,Li,4,None,0,La2O3,hydrothermal,800,10,4,50,35,740,1,15000,3,50,12,22.4,70.5,11.7
675,Li-La2O3,Li,4,None,0,La2O3,hydrothermal,800,10,4,50,35,760,1,15000,3,50,12,21.7,71.4,16.1
676,Li-La2O3,Li,4,None,0,La2O3,hydrothermal,800,10,4,50,35,780,1,15000,3,50,12,20.5,68.5,14.8
677,Li-La2O3,Li,4,None,0,La2O3,hydrothermal,800,10,4,50,35,800,1,15000,3,50,12,18.9,61.6,13
678,Mg-La2O3,Mg,9.5,None,0,La2O3,hydrothermal,800,10,4,50,32,560,1,15000,3,50,12,0.34,2.22,0.07
679,Mg-La2O3,Mg,9.5,None,0,La2O3,hydrothermal,800,10,4,50,32,580,1,15000,3,50,12,0,0,0
680,Mg-La2O3,Mg,9.5,None,0,La2O3,hydrothermal,800,10,4,50,32,600,1,15000,3,50,12,0,0,0
681,Mg-La2O3,Mg,9.5,None,0,La2O3,hydrothermal,800,10,4,50,32,620,1,15000,3,50,12,0.635,4.74,0.161
682,Mg-La2O3,Mg,9.5,None,0,La2O3,hydrothermal,800,10,4,50,32,640,1,15000,3,50,12,1.31,21.5,0.583
683,Mg-La2O3,Mg,9.5,None,0,La2O3,hydrothermal,800,10,4,50,32,660,1,15000,3,50,12,2.53,40.5,0.673
684,Mg-La2O3,Mg,9.5,None,0,La2O3,hydrothermal,800,10,4,50,32,680,1,15000,3,50,12,5.45,45.6,2.54
685,Mg-La2O3,Mg,9.5,None,0,La2O3,hydrothermal,800,10,4,50,32,700,1,15000,3,50,12,10.4,51.9,5.35
686,Mg-La2O3,Mg,9.5,None,0,La2O3,hydrothermal,800,10,4,50,32,720,1,15000,3,50,12,15.2,64.8,9.82
687,Mg-La2O3,Mg,9.5,None,0,La2O3,hydrothermal,800,10,4,50,32,740,1,15000,3,50,12,20.4,74.7,15.7
688,Mg-La2O3,Mg,9.5,None,0,La2O3,hydrothermal,800,10,4,50,32,760,1,15000,3,50,12,26,74.8,19.1
689,Mg-La2O3,Mg,9.5,None,0,La2O3,hydrothermal,800,10,4,50,32,780,1,15000,3,50,12,29.5,72.4,21.5
690,Mg-La2O3,Mg,9.5,None,0,La2O3,hydrothermal,800,10,4,50,32,800,1,15000,3,50,12,31.5,65.9,20.9
691,Zn-La2O3,Zn,22,None,0,La2O3,hydrothermal,800,10,4,50,33,560,1,15000,3,50,12,0,0,0
692,Zn-La2O3,Zn,22,None,0,La2O3,hydrothermal,800,10,4,50,33,580,1,15000,3,50,12,1.32,2.15,0.1
693,Zn-La2O3,Zn,22,None,0,La2O3,hydrothermal,800,10,4,50,33,600,1,15000,3,50,12,3.83,5.17,0.342
694,Zn-La2O3,Zn,22,None,0,La2O3,hydrothermal,800,10,4,50,33,620,1,15000,3,50,12,8.11,7.76,0.613
695,Zn-La2O3,Zn,22,None,0,La2O3,hydrothermal,800,10,4,50,33,640,1,15000,3,50,12,10.2,15.3,1.28
696,Zn-La2O3,Zn,22,None,0,La2O3,hydrothermal,800,10,4,50,33,660,1,15000,3,50,12,11.7,25.8,3.27
697,Zn-La2O3,Zn,22,None,0,La2O3,hydrothermal,800,10,4,50,33,680,1,15000,3,50,12,13.8,38.8,5.17
698,Zn-La2O3,Zn,22,None,0,La2O3,hydrothermal,800,10,4,50,33,700,1,15000,3,50,12,16.8,46.8,8.2
699,Zn-La2O3,Zn,22,None,0,La2O3,hydrothermal,800,10,4,50,33,720,1,15000,3,50,12,20.7,52.7,10.5
700,Zn-La2O3,Zn,22,None,0,La2O3,hydrothermal,800,10,4,50,33,740,1,15000,3,50,12,22.4,59,14.3
701,Zn-La2O3,Zn,22,None,0,La2O3,hydrothermal,800,10,4,50,33,760,1,15000,3,50,12,24,62.3,15.5
702,Zn-La2O3,Zn,22,None,0,La2O3,hydrothermal,800,10,4,50,33,780,1,15000,3,50,12,26,59.5,16.1
703,Zn-La2O3,Zn,22,None,0,La2O3,hydrothermal,800,10,4,50,33,800,1,15000,3,50,12,28.2,51.2,15.2
704,Ce-La2O3,Ce,32.3,None,0,La2O3,hydrothermal,800,10,4,50,36,560,1,15000,3,50,12,0.236,0.0644,0.161
705,Ce-La2O3,Ce,32.3,None,0,La2O3,hydrothermal,800,10,4,50,36,580,1,15000,3,50,12,7.64,10.7,0.869
706,Ce-La2O3,Ce,32.3,None,0,La2O3,hydrothermal,800,10,4,50,36,600,1,15000,3,50,12,10.9,16.6,1.86
707,Ce-La2O3,Ce,32.3,None,0,La2O3,hydrothermal,800,10,4,50,36,620,1,15000,3,50,12,15.3,24.4,3.81
708,Ce-La2O3,Ce,32.3,None,0,La2O3,hydrothermal,800,10,4,50,36,640,1,15000,3,50,12,19.9,29.9,6.07
709,Ce-La2O3,Ce,32.3,None,0,La2O3,hydrothermal,800,10,4,50,36,660,1,15000,3,50,12,23.5,33.8,8
710,Ce-La2O3,Ce,32.3,None,0,La2O3,hydrothermal,800,10,4,50,36,680,1,15000,3,50,12,25.7,37.1,9.66
711,Ce-La2O3,Ce,32.3,None,0,La2O3,hydrothermal,800,10,4,50,36,700,1,15000,3,50,12,27.8,37.6,10.5
712,Ce-La2O3,Ce,32.3,None,0,La2O3,hydrothermal,800,10,4,50,36,720,1,15000,3,50,12,28.9,37.2,10.9
713,Ce-La2O3,Ce,32.3,None,0,La2O3,hydrothermal,800,10,4,50,36,740,1,15000,3,50,12,29,38.8,11.4
714,Ce-La2O3,Ce,32.3,None,0,La2O3,hydrothermal,800,10,4,50,36,760,1,15000,3,50,12,29.8,38.8,11.6
715,Ce-La2O3,Ce,32.3,None,0,La2O3,hydrothermal,800,10,4,50,36,780,1,15000,3,50,12,30,38.8,11.7
716,Ce-La2O3,Ce,32.3,None,0,La2O3,hydrothermal,800,10,4,50,36,800,1,15000,3,50,12,30.1,38.8,11.8
717,Mn-Na2WO4/SiO2,Mn,2,Na2WO4,5,SiO2,impregnation,800,1,8,120,2.2,625,1,15000,5,130,8,0,0.318,0.286
718,Mn-Na2WO4/SiO2,Mn,2,Na2WO4,5,SiO2,impregnation,800,1,8,120,2.2,650,1,15000,5,130,8,0.459,0.831,0.333
719,Mn-Na2WO4/SiO2,Mn,2,Na2WO4,5,SiO2,impregnation,800,1,8,120,2.2,675,1,15000,5,130,8,1.34,18.8,0.442
720,Mn-Na2WO4/SiO2,Mn,2,Na2WO4,5,SiO2,impregnation,800,1,8,120,2.2,700,1,15000,5,130,8,4.84,44.5,1.73
721,Mn-Na2WO4/SiO2,Mn,2,Na2WO4,5,SiO2,impregnation,800,1,8,120,2.2,725,1,15000,5,130,8,22.4,82.7,18.4
722,Mn-Na2WO4/SiO2,Mn,2,Na2WO4,5,SiO2,impregnation,800,1,8,120,2.2,750,1,15000,5,130,8,22.5,82.7,18.2
723,Mn-Na2WO4/SiO2,Mn,2,Na2WO4,5,SiO2,impregnation,800,1,8,120,2.2,775,1,15000,5,130,8,22.8,84.1,18.9
724,Mn-Na2WO4/SiO2,Mn,2,Na2WO4,5,SiO2,impregnation,800,1,8,120,2.2,800,1,15000,5,130,8,22.4,82.9,18.1
725,Mn-Na2WO4/SiO2,Mn,2,Na2WO4,5,SiO2,impregnation,800,1,8,120,2.2,825,1,15000,5,130,8,17.6,53.3,9.15
726,Mn-Na2WO4/SiO2,Mn,2,Na2WO4,5,SiO2,impregnation,800,1,8,120,2.2,850,1,15000,5,130,8,18.1,39.2,7.3
727,Mn-Na2WO4/SiO2,Mn,2,Na2WO4,5,SiO2,impregnation,800,1,8,120,2.2,725,1,15000,2,130,8,39.8,40.8,16.2
728,Mn-Na2WO4/SiO2,Mn,2,Na2WO4,5,SiO2,impregnation,800,1,8,120,2.2,725,1,15000,5,130,8,20.2,79.3,16
729,Mn-Na2WO4/SiO2,Mn,2,Na2WO4,5,SiO2,impregnation,800,1,8,120,2.2,725,1,15000,7,130,8,18.1,78.8,14.2
730,Mn-Na2WO4/SiO2,Mn,2,Na2WO4,5,SiO2,impregnation,800,1,8,120,2.2,725,1,15000,10,130,8,12.7,86.9,10.4
731,Li-SnO2,Li,8,None,0,SnO2,None,800,2,4,35,13,650,1,18000,4,120,12,8.89,65,5.79
732,Li-SnO2,Li,8,None,0,SnO2,None,800,2,4,35,13,675,1,18000,4,120,12,9.59,66.6,6.38
733,Li-SnO2,Li,8,None,0,SnO2,None,800,2,4,35,13,700,1,18000,4,120,12,10.9,68.4,7.39
734,Li-SnO2,Li,8,None,0,SnO2,None,800,2,4,35,13,725,1,18000,4,120,12,11.7,70.1,8.18
735,Li-SnO2,Li,8,None,0,SnO2,None,800,2,4,35,13,750,1,18000,4,120,12,12.5,70.9,8.9
736,Na-SnO2,Na,8,None,0,SnO2,None,800,2,4,35,12,650,1,18000,4,120,12,11.8,72,8.47
737,Na-SnO2,Na,8,None,0,SnO2,None,800,2,4,35,12,675,1,18000,4,120,12,11.3,69.9,7.92
738,Na-SnO2,Na,8,None,0,SnO2,None,800,2,4,35,12,700,1,18000,4,120,12,10.1,68.4,6.91
739,Na-SnO2,Na,8,None,0,SnO2,None,800,2,4,35,12,725,1,18000,4,120,12,8.99,67.1,6.1
740,Na-SnO2,Na,8,None,0,SnO2,None,800,2,4,35,12,750,1,18000,4,120,12,8.52,66.7,5.72
741,K-SnO2,K,8,None,0,SnO2,None,800,2,4,35,11,650,1,18000,4,120,12,6.29,63.5,3.94
742,K-SnO2,K,8,None,0,SnO2,None,800,2,4,35,11,675,1,18000,4,120,12,6.68,64.5,4.27
743,K-SnO2,K,8,None,0,SnO2,None,800,2,4,35,11,700,1,18000,4,120,12,7.68,65.9,5.07
744,K-SnO2,K,8,None,0,SnO2,None,800,2,4,35,11,725,1,18000,4,120,12,8.38,66.8,5.55
745,K-SnO2,K,8,None,0,SnO2,None,800,2,4,35,11,750,1,18000,4,120,12,8.92,68.4,6.04
746,Cs-SnO2,Cs,8,None,0,SnO2,None,800,2,4,35,9,650,1,18000,4,120,12,7.28,67.4,4.9
747,Cs-SnO2,Cs,8,None,0,SnO2,None,800,2,4,35,9,675,1,18000,4,120,12,7.89,67.9,5.37
748,Cs-SnO2,Cs,8,None,0,SnO2,None,800,2,4,35,9,700,1,18000,4,120,12,8.89,70.1,6.18
749,Cs-SnO2,Cs,8,None,0,SnO2,None,800,2,4,35,9,725,1,18000,4,120,12,9.41,71,6.71
750,Cs-SnO2,Cs,8,None,0,SnO2,None,800,2,4,35,9,750,1,18000,4,120,12,11.3,72.9,8.28
751,Li-SnO2,Li,0.65,None,0,SnO2,None,800,2,4,35,13,650,1,18000,4,120,12,8.85,65.1,5.77
752,Li-SnO2,Li,0.65,None,0,SnO2,None,800,2,4,35,13,675,1,18000,4,120,12,9.56,66.9,6.41
753,Li-SnO2,Li,0.65,None,0,SnO2,None,800,2,4,35,13,700,1,18000,4,120,12,10.9,68.4,7.39
754,Li-SnO2,Li,0.65,None,0,SnO2,None,800,2,4,35,13,725,1,18000,4,120,12,11.7,70.1,8.15
755,Li-SnO2,Li,0.65,None,0,SnO2,None,800,2,4,35,13,750,1,18000,4,120,12,12.5,71,8.85
756,Li-SnO2,Li,2.4,None,0,SnO2,None,800,2,4,35,8,650,1,18000,4,120,12,10.6,62.4,6.65
757,Li-SnO2,Li,2.4,None,0,SnO2,None,800,2,4,35,8,675,1,18000,4,120,12,11.3,66.4,7.47
758,Li-SnO2,Li,2.4,None,0,SnO2,None,800,2,4,35,8,700,1,18000,4,120,12,12.5,68.4,8.56
759,Li-SnO2,Li,2.4,None,0,SnO2,None,800,2,4,35,8,725,1,18000,4,120,12,13.7,69.3,9.54
760,Li-SnO2,Li,2.4,None,0,SnO2,None,800,2,4,35,8,750,1,18000,4,120,12,14.4,70.5,10.1
761,Li-SnO2,Li,5.52,None,0,SnO2,None,800,2,4,35,5,650,1,18000,4,120,12,14.9,67.4,10.1
762,Li-SnO2,Li,5.52,None,0,SnO2,None,800,2,4,35,5,675,1,18000,4,120,12,15.8,68.4,10.8
763,Li-SnO2,Li,5.52,None,0,SnO2,None,800,2,4,35,5,700,1,18000,4,120,12,17.6,68.9,12.2
764,Li-SnO2,Li,5.52,None,0,SnO2,None,800,2,4,35,5,725,1,18000,4,120,12,19.9,69.3,13.8
765,Li-SnO2,Li,5.52,None,0,SnO2,None,800,2,4,35,5,750,1,18000,4,120,12,21.7,70.4,15.3
766,Li-SnO2,Li,12,None,0,SnO2,None,800,2,4,35,2,650,1,18000,4,120,12,3.49,63.8,2.32
767,Li-SnO2,Li,12,None,0,SnO2,None,800,2,4,35,2,675,1,18000,4,120,12,3.89,65.4,2.59
768,Li-SnO2,Li,12,None,0,SnO2,None,800,2,4,35,2,700,1,18000,4,120,12,5.67,67.3,3.76
769,Li-SnO2,Li,12,None,0,SnO2,None,800,2,4,35,2,725,1,18000,4,120,12,7.21,68.2,4.86
770,Li-SnO2,Li,12,None,0,SnO2,None,800,2,4,35,2,750,1,18000,4,120,12,8.32,69.3,5.68
771,Sr-La2O3,Sr,2,None,0,La2O3,wet impregnation,850,2,4,160,2.9,350,1,20000,8,120,2,0.243,0.41,0.0625
772,Sr-La2O3,Sr,2,None,0,La2O3,wet impregnation,850,2,4,160,2.9,400,1,20000,8,120,2,0.633,5.02,0.0993
773,Sr-La2O3,Sr,2,None,0,La2O3,wet impregnation,850,2,4,160,2.9,450,1,20000,8,120,2,2.02,11,0.399
774,Sr-La2O3,Sr,2,None,0,La2O3,wet impregnation,850,2,4,160,2.9,500,1,20000,8,120,2,4.94,18.9,0.941
775,Sr-La2O3,Sr,2,None,0,La2O3,wet impregnation,850,2,4,160,2.9,550,1,20000,8,120,2,7.44,25.1,1.9
776,Sr-La2O3,Sr,2,None,0,La2O3,wet impregnation,850,2,4,160,2.9,600,1,20000,8,120,2,9.99,33.3,3.25
777,Sr-La2O3,Sr,2,None,0,La2O3,wet impregnation,850,2,4,160,2.9,650,1,20000,8,120,2,12,40.8,4.91
778,Sr-La2O3,Sr,2,None,0,La2O3,wet impregnation,850,2,4,160,2.9,700,1,20000,8,120,2,12.9,48,6.1
779,Sr-La2O3,Sr,2,None,0,La2O3,wet impregnation,850,2,4,160,2.9,750,1,20000,8,120,2,13.2,55.4,7.23
780,Sr-La2O3,Sr,2,None,0,La2O3,wet impregnation,850,2,4,160,2.9,800,1,20000,8,120,2,13.5,56.7,7.56
781,Sr-La2O3,Sr,5,None,0,La2O3,wet impregnation,850,2,4,160,2.9,350,1,20000,8,120,2,0.357,0.55,0.0129
782,Sr-La2O3,Sr,5,None,0,La2O3,wet impregnation,850,2,4,160,2.9,400,1,20000,8,120,2,0.682,0.65,0.0855
783,Sr-La2O3,Sr,5,None,0,La2O3,wet impregnation,850,2,4,160,2.9,450,1,20000,8,120,2,1.92,6.95,0.261
784,Sr-La2O3,Sr,5,None,0,La2O3,wet impregnation,850,2,4,160,2.9,500,1,20000,8,120,2,3.91,13.8,0.544
785,Sr-La2O3,Sr,5,None,0,La2O3,wet impregnation,850,2,4,160,2.9,550,1,20000,8,120,2,7.54,22.2,1.75
786,Sr-La2O3,Sr,5,None,0,La2O3,wet impregnation,850,2,4,160,2.9,600,1,20000,8,120,2,12.7,30.7,3.78
787,Sr-La2O3,Sr,5,None,0,La2O3,wet impregnation,850,2,4,160,2.9,650,1,20000,8,120,2,14.5,39.4,5.65
788,Sr-La2O3,Sr,5,None,0,La2O3,wet impregnation,850,2,4,160,2.9,700,1,20000,8,120,2,18.7,51.7,8.89
789,Sr-La2O3,Sr,5,None,0,La2O3,wet impregnation,850,2,4,160,2.9,750,1,20000,8,120,2,16.3,56,9.04
790,Sr-La2O3,Sr,5,None,0,La2O3,wet impregnation,850,2,4,160,2.9,800,1,20000,8,120,2,17.3,54.9,9.48
791,La-CeO2,La,20,None,0,CeO2,electrospinning,625,2,6,160,10,350,1,10000,5,120,24,2.04,6.67,0.0152
792,La-CeO2,La,20,None,0,CeO2,electrospinning,625,2,6,160,10,400,1,10000,5,120,24,2.31,6.73,0.06
793,La-CeO2,La,20,None,0,CeO2,electrospinning,625,2,6,160,10,450,1,10000,5,120,24,5.01,30.5,1.36
794,La-CeO2,La,20,None,0,CeO2,electrospinning,625,2,6,160,10,500,1,10000,5,120,24,7.82,37,2.71
795,La-CeO2,La,20,None,0,CeO2,electrospinning,625,2,6,160,10,550,1,10000,5,120,24,12.5,38.6,4.65
796,La-CeO2,La,20,None,0,CeO2,electrospinning,625,2,6,160,10,600,1,10000,5,120,24,14.2,41.3,5.7
797,La-CeO2,La,50,None,0,CeO2,electrospinning,625,2,6,160,10,350,1,10000,5,120,24,0.481,32,0.188
798,La-CeO2,La,50,None,0,CeO2,electrospinning,625,2,6,160,10,400,1,10000,5,120,24,1.78,35.2,0.594
799,La-CeO2,La,50,None,0,CeO2,electrospinning,625,2,6,160,10,450,1,10000,5,120,24,4.31,37.3,1.54
800,La-CeO2,La,50,None,0,CeO2,electrospinning,625,2,6,160,10,500,1,10000,5,120,24,8.49,38.7,3.12
801,La-CeO2,La,50,None,0,CeO2,electrospinning,625,2,6,160,10,550,1,10000,5,120,24,20.4,39.6,7.76
802,La-CeO2,La,50,None,0,CeO2,electrospinning,625,2,6,160,10,600,1,10000,5,120,24,18.8,54.5,10.3
803,La-CeO2,La,75,None,0,CeO2,electrospinning,625,2,6,160,10,350,1,10000,5,120,24,0.645,36.4,0.263
804,La-CeO2,La,75,None,0,CeO2,electrospinning,625,2,6,160,10,400,1,10000,5,120,24,2.27,38.7,0.789
805,La-CeO2,La,75,None,0,CeO2,electrospinning,625,2,6,160,10,450,1,10000,5,120,24,5.3,39.9,2.01
806,La-CeO2,La,75,None,0,CeO2,electrospinning,625,2,6,160,10,500,1,10000,5,120,24,11.2,40.5,4.35
807,La-CeO2,La,75,None,0,CeO2,electrospinning,625,2,6,160,10,550,1,10000,5,120,24,15.5,41.3,6.2
808,La-CeO2,La,75,None,0,CeO2,electrospinning,625,2,6,160,10,600,1,10000,5,120,24,24.7,60.9,15.4
809,La2O3-PVP,None,12,None,0,La2O3,hydrothermal,750,5,2,85,11.5,300,1,10000,4,80,10,1.45,13.6,0
810,La2O3-PVP,None,12,None,0,La2O3,hydrothermal,750,5,2,85,11.5,350,1,10000,4,80,10,6.03,19,1.4
811,La2O3-PVP,None,12,None,0,La2O3,hydrothermal,750,5,2,85,11.5,400,1,10000,4,80,10,11,24.7,2.75
812,La2O3-PVP,None,12,None,0,La2O3,hydrothermal,750,5,2,85,11.5,450,1,10000,4,80,10,13.5,27.7,3.81
813,La2O3-PVP,None,12,None,0,La2O3,hydrothermal,750,5,2,85,11.5,500,1,10000,4,80,10,15.8,30.6,4.9
814,La2O3-PVP,None,12,None,0,La2O3,hydrothermal,750,5,2,85,11.5,550,1,10000,4,80,10,18.3,34.7,6.26
815,La2O3-PVP,None,12,None,0,La2O3,hydrothermal,750,5,2,85,11.5,600,1,10000,4,80,10,20.7,40.3,8.26
816,La2O3-PVP,None,12,None,0,La2O3,hydrothermal,750,5,2,85,11.5,650,1,10000,4,80,10,21.1,42,8.79
817,La2O3-PVP,None,12,None,0,La2O3,hydrothermal,750,5,2,85,11.5,700,1,10000,4,80,10,21.4,43.4,9.28
818,La2O3-PVP,None,12,None,0,La2O3,hydrothermal,750,5,2,85,11.5,750,1,10000,4,80,10,21,41,8.54
819,La2O3-PVP,None,12,None,0,La2O3,hydrothermal,750,5,2,85,11.5,800,1,10000,4,80,10,20.6,38.5,7.89
820,La2O3,None,0,None,0,La2O3,hydrothermal,750,5,2,85,14.8,300,1,10000,4,80,10,0.888,7.05,0
821,La2O3,None,0,None,0,La2O3,hydrothermal,750,5,2,85,14.8,350,1,10000,4,80,10,4.35,9.93,0.565
822,La2O3,None,0,None,0,La2O3,hydrothermal,750,5,2,85,14.8,400,1,10000,4,80,10,7.83,13,1
823,La2O3,None,0,None,0,La2O3,hydrothermal,750,5,2,85,14.8,450,1,10000,4,80,10,10.4,16.3,1.75
824,La2O3,None,0,None,0,La2O3,hydrothermal,750,5,2,85,14.8,500,1,10000,4,80,10,13,19.7,2.52
825,La2O3,None,0,None,0,La2O3,hydrothermal,750,5,2,85,14.8,550,1,10000,4,80,10,15.3,22.2,3.41
826,La2O3,None,0,None,0,La2O3,hydrothermal,750,5,2,85,14.8,600,1,10000,4,80,10,17.5,24.9,4.4
827,La2O3,None,0,None,0,La2O3,hydrothermal,750,5,2,85,14.8,650,1,10000,4,80,10,19,30.9,5.83
828,La2O3,None,0,None,0,La2O3,hydrothermal,750,5,2,85,14.8,700,1,10000,4,80,10,19.9,38.7,7.67
829,La2O3,None,0,None,0,La2O3,hydrothermal,750,5,2,85,14.8,750,1,10000,4,80,10,18.7,37.1,6.95
830,La2O3,None,0,None,0,La2O3,hydrothermal,750,5,2,85,14.8,800,1,10000,4,80,10,17.4,33.8,6.35
831,La2O3-CTAB,None,12,None,0,La2O3,hydrothermal,750,5,2,85,10.9,300,1,10000,4,80,10,0,0,0
832,La2O3-CTAB,None,12,None,0,La2O3,hydrothermal,750,5,2,85,10.9,350,1,10000,4,80,10,0.868,1.45,0.07
833,La2O3-CTAB,None,12,None,0,La2O3,hydrothermal,750,5,2,85,10.9,400,1,10000,4,80,10,1.89,3.06,0.122
834,La2O3-CTAB,None,12,None,0,La2O3,hydrothermal,750,5,2,85,10.9,450,1,10000,4,80,10,4.32,4.31,0.248
835,La2O3-CTAB,None,12,None,0,La2O3,hydrothermal,750,5,2,85,10.9,500,1,10000,4,80,10,6.8,5.41,0.388
836,La2O3-CTAB,None,12,None,0,La2O3,hydrothermal,750,5,2,85,10.9,550,1,10000,4,80,10,10.8,14,1.73
837,La2O3-CTAB,None,12,None,0,La2O3,hydrothermal,750,5,2,85,10.9,600,1,10000,4,80,10,15,19.2,2.87
838,La2O3-CTAB,None,12,None,0,La2O3,hydrothermal,750,5,2,85,10.9,650,1,10000,4,80,10,17,22.9,3.88
839,La2O3-CTAB,None,12,None,0,La2O3,hydrothermal,750,5,2,85,10.9,700,1,10000,4,80,10,17.9,26.1,4.67
840,La2O3-CTAB,None,12,None,0,La2O3,hydrothermal,750,5,2,85,10.9,750,1,10000,4,80,10,18.5,29,5.41
841,La2O3-CTAB,None,12,None,0,La2O3,hydrothermal,750,5,2,85,10.9,800,1,10000,4,80,10,18.9,27.4,4.66
842,La2O3,None,0,None,0,La2O3,hydrothermal,850,10,2,120,10,550,0.1,3000,4,100,12,0.302,0.17,0
843,La2O3,None,0,None,0,La2O3,hydrothermal,850,10,2,120,10,575,0.1,3000,4,100,12,5.03,1.39,0.998
844,La2O3,None,0,None,0,La2O3,hydrothermal,850,10,2,120,10,600,0.1,3000,4,100,12,9.9,5.86,2.31
845,La2O3,None,0,None,0,La2O3,hydrothermal,850,10,2,120,10,625,0.1,3000,4,100,12,14,15.2,4.67
846,La2O3,None,0,None,0,La2O3,hydrothermal,850,10,2,120,10,650,0.1,3000,4,100,12,17.5,28.1,7.74
847,La2O3,None,0,None,0,La2O3,hydrothermal,850,10,2,120,10,675,0.1,3000,4,100,12,19.6,38.7,9.27
848,La2O3,None,0,None,0,La2O3,hydrothermal,850,10,2,120,10,700,0.1,3000,4,100,12,21.6,47.6,10.7
849,La2O3,None,0,None,0,La2O3,hydrothermal,850,10,2,120,10,725,0.1,3000,4,100,12,22.9,53.1,12.2
850,La2O3,None,0,None,0,La2O3,hydrothermal,850,10,2,120,10,750,0.1,3000,4,100,12,24.1,56.3,13.6
